source_table_index,S. No.,Recognition Number,Company Name,Company Address,Name & Address of the Company,Location of recognized In-House R&D Units,Valid Upto
2,18.,TU/IV-RD/53,Electronics Corporation of India Ltd.,"ECIL Post, Hyderabad -500 062,(Telangana)","Electronics Corporation of India Ltd. ECIL Post, Hyderabad -500 062,(Telangana)","ECILPost,Hyderabad, (Telangana)",31.03.2027
4,27.,TU/IV-RD/104,Elico Ltd.,"B-90, APIE, Sanath Nagar, Hyderabad-500 018 (Telangana)","Elico Ltd.B-90, APIE, Sanath Nagar, Hyderabad-500 018 (Telangana)","B-90, APIE, Sanathnagar, Hyderabad (Telangana)",31.03.2027
9,64.,TU/IV-RD/315,Biological E Ltd.,"18/1 & 3, Azamabad Hyderabad-500 020 Telangana","Biological E Ltd. 18/1 & 3, Azamabad Hyderabad-500 020 Telangana","(i) Plot No.1, Phase - ll, SP Biotech Park, Kolthuru, Shameerpet, R. R. Dist., Telangana (ii) Labs 2, 4, 7,10 and 12, Phase-I, IKP Knowledge Park, Genome Valley,Turkapally, Hyderabad, Telangana (iii) Plot No.15A, Phase-l, State Biotechnology Incubation Centre,Alexandria Knowledge Park, Genome Valley, Turkapally (V),Hyderabad (iv) 7-4-114, Gaganpahad, Rajendra",31.03.2026
11,79.,TU/IV-RD/386,Bharat DynamicsLtd.,"Kanchanbagh, Hyderabad-500 058 Telangana","Bharat DynamicsLtd.Kanchanbagh, Hyderabad-500 058 Telangana","D&EDivision,Kanchanbagh, Hyderabad",31.03.2026
11,83.,TU/IV-RD/408,NMDC Ltd.,"10-3-311/A,KhanijBhavan,Castle Hills,MasabTank,Hyderabad-500028","NMDC Ltd. 10-3-311/A,KhanijBhavan,Castle Hills,MasabTank,Hyderabad-500028","Patancheru, Sangareddy District,Hyderabad (Telangana)",31.03.2028
16,120.,TU/IV-RD/750,HILLtd.,"Office NO. 1 & 2, L7 Floor, SLN Terminus, Survey no. 133, Near BotanicalGarden, Gachibowli, Hyderabad-500 032, Telangana","HILLtd.Office NO. 1 & 2, L7 Floor, SLN Terminus, Survey no. 133, Near BotanicalGarden, Gachibowli, Hyderabad-500 032, Telangana","7-2-1830/1, Behind FCI Godowns,Erragadda, Sanat Nagar, Hyderabad, Telangana",31.03.2027
24,186.,TU/IV-RD/1281,Sanzyme Pvt.,"Ltd. Plot 2nd Floor, Sattava Signature Tower, #8-2-472/1/A/B/SF-3, Road No.1, Banjara Hills Hyderabad – 500 034(Telangana)","Sanzyme Pvt. Ltd. Plot 2nd Floor, Sattava Signature Tower, #8-2-472/1/A/B/SF-3, Road No.1, Banjara Hills Hyderabad – 500 034(Telangana)","Plot No. 8, Sy. No. 542, Phase-II, Biotech Park, Genome Valley, Kolthur (V) Shameerpet (M), Medchal-MalkagririDistrict (Telangana)",31.03.2028
26,199.,TU/IV-RD/1369,LamcoIndustriesPvt.,"Ltd. B-39&B-40,IndustrialEstate, Sanathnagar, Hyderabad-500 018 (Telangana)","LamcoIndustriesPvt. Ltd. B-39&B-40,IndustrialEstate, Sanathnagar, Hyderabad-500 018 (Telangana)","B-39 & B-40, Industrial Estate,Sanathnagar, Hyderabad, (Telangana)",31.03.2027
31,246.,TU/IV-RD/1669,Neuland Laboratories Ltd.,"11th Floor (5th Level), Phoenix IVY Building, Plot No. 573A-III, Road No. 82, Jubilee Hills, Hyderabad-500033 (Telangana)","Neuland Laboratories Ltd. 11th Floor (5th Level), Phoenix IVY Building, Plot No. 573A-III, Road No. 82, Jubilee Hills, Hyderabad-500033 (Telangana)","(i)Survey No. 488G & 489A, BonthapallyVill.,VeerabhadraSwamy Temple Road, Gummadidal Mandal, Sangareddy Dist., (Telangana) (ii) Plot Nos. 92-94, 257-259, IDAPashmylaram,Isnapur,PatancheruMandal,SangareddyDist,",31.03.2028
32,247.,TU/IV-RD/1679,Divi's Laboratories Ltd.,"1-72/23 (P)/DIVIS/303,DiviTowers,Cyber Hills,Gachibowli,Hyderaba d,Telangana-500 032","Divi's Laboratories Ltd. 1-72/23 (P)/DIVIS/303,DiviTowers,Cyber Hills,Gachibowli,Hyderaba d,Telangana-500 032","(i) 7-2-B34, Industrial Estate,Sanathnagar, HyderabadUrban, Telangana (ii) Lingojigudem Village, Choutuppal Mandal, Yadadri Bhuvanagiri Dist., Telangana (iii) Chippada Vill.,AnnavaramPost, Bheemunipatnam Mandal,Vishakapatnam Dist. A.P.",31.03.2027
33,259.,TU/IV-RD/1728,Mikroflo Filters Pvt.,"Ltd.H. No. 16-11-511/D/399,ShalivahanaNagar, Moosarambagh, Hyderabad-500036,(Telangana)","Mikroflo Filters Pvt. Ltd.H. No. 16-11-511/D/399,ShalivahanaNagar, Moosarambagh, Hyderabad-500036,(Telangana)","Survey No. 599 & 600, Kondamadugu, Bibingar Mandal, Yadadri Bhongir Dist., (Telangana)",31.03.2028
34,267.,TU/IV-RD/1759,Premier Explosives Ltd.,"Premier House,#11, Ishaq Colony, (Near AOCCentre) Secunderabad - 500 015,Telangana","Premier Explosives Ltd. Premier House,#11, Ishaq Colony, (Near AOCCentre) Secunderabad - 500 015,Telangana","Peddakandukur Village, YadagiriguttaMandal, Yadadri Bhongir District, Telangana",31.03.2025
35,275.,TU/IV-RD/1811,Ganga Kaveri Seeds Pvt.,"Ltd. 1406, 14th floor, Babukhan Estate,Bashir Bagh, Hyderabad-500 001, Telangana.","Ganga Kaveri Seeds Pvt. Ltd. 1406, 14th floor, Babukhan Estate,Bashir Bagh, Hyderabad-500 001, Telangana.","Sunanda Farm, Kandlakoya village, Medchal Mandal & Disttrict, Telangana",31.03.2027
35,278.,TU/IV-RD/1840,SriKrishnaPharmaceuticals Ltd.,"C-4, Industrial Area, Uppal Hyderabad -500039, Telangana","SriKrishnaPharmaceuticals Ltd. C-4, Industrial Area, Uppal Hyderabad -500039, Telangana","C-4,IDA,UppalRoad, Hyderabad (Telangana)",31.03.2027
36,281.,TU/IV-RD/1853,Linkwell Telesystems(P) Ltd.,"1-11-252/1B,Behind Shopper’s Stop, Begumpet, Hyderabad - 500 016, (Telangana)","Linkwell Telesystems(P) Ltd. 1-11-252/1B,Behind Shopper’s Stop, Begumpet, Hyderabad - 500 016, (Telangana)","3rd & 4th Floors, 1-11-252/1B Behind Shopper’s Stop,Begumpet, Hyderabad (Telangana)",31.03.2028
37,291.,TU/IV-RD/1895,Hetero Drugs Ltd.,"7-2-A2, Hetero Corporate, Industrial Estate, Sanath Nagar, Hyderabad -500018, (Telangana)","Hetero Drugs Ltd. 7-2-A2, Hetero Corporate, Industrial Estate, Sanath Nagar, Hyderabad -500018, (Telangana)","B-80&81,APIE,Balanagar,Hyderabad, (Telangana)",31.03.2028
38,300.,TU/IV-RD/1946,SOMPhytopharma (India) Ltd.,"RADOSOM, Plot No. 154/A5, S.V. Co-operativeIndustrial Estate, IDA Bollaram.-502 325, Sangareddy Dist, (Telangana)","SOMPhytopharma (India) Ltd. RADOSOM, Plot No. 154/A5, S.V. Co-operativeIndustrial Estate, IDA Bollaram.-502 325, Sangareddy Dist, (Telangana)","RADOSOM, Plot No. 154/A5, SVCIE IDA, Bollaram, SangareddyDist. (Telangana)",31.03.2027
40,317.,TU/IV-RD/1993,BharatBio-tech International Ltd.,"Sy. No. 230, 231, & 235,GenomeValley,TurkapallyVillageShameerpet Mandal, Ranga Reddy Distt., Hyderabad-500078,(Telangana)","BharatBio-tech International Ltd. Sy. No. 230, 231, & 235,GenomeValley,TurkapallyVillageShameerpet Mandal, Ranga Reddy Distt., Hyderabad-500078,(Telangana)","Sy. No. 230, 231, & 235,Genome Valley, Turkapally Village,Shameerpet Mandal, Ranga Reddy Distt.,Hyderabad, (Telangana)",31.03.2028
41,323.,TU/IV-RD/2033,Fortune Bio-Tech Ltd.,"Plot No. B-6, CIE,Balanagar,Distt.-Medchal- Malkajgiri - 500 037, (Telangana)","Fortune Bio-Tech Ltd.Plot No. B-6, CIE,Balanagar,Distt.-Medchal- Malkajgiri - 500 037, (Telangana)","(i) 803, 804 & 806, Raigiri Village, Bhongir Mandal, YadadriBhuvangagiri District (Telangana) (ii) Plot No. B-6, CIE,Balanagar, Distt.- Medchal-Malkajgiri (Telangana)",31.03.2028
41,325.,TU/IV-RD/2043,Zen Technologies Ltd.,"B-42, Indl. Estate, Sanath Nagar, Hyderabad 500018, Telangana","Zen Technologies Ltd. B-42, Indl. Estate, Sanath Nagar, Hyderabad 500018, Telangana","(i)B-42, Indl. Estate, Sanath Nagar,Hyderabad, Telangana(ii) Door No. 2-91/77/2/ST/11&12,Kothaguda, Kondapur, Serilingampally,R.R.District,Hyderabad, Telangana",31.03.2026
43,337.,TU/IV-RD/2094,NACLIndustriesLtd.,"Plot No 12-A, C-Block, Lakshmi Towers, No. 8-2-248/1/7/78,Nagarjuna Hills,Punjagutta, Hyderabad-500082, (Telangana)","NACLIndustriesLtd. Plot No 12-A, C-Block, Lakshmi Towers, No. 8-2-248/1/7/78,Nagarjuna Hills,Punjagutta, Hyderabad-500082, (Telangana)","Plot No. 177, Arinama Akkivalasa, Allinagaram, District Srikakulam (AP)Survey No 1710 and 1711,Anthireddyguda Road, Village & Mandal: Nandigaon, District RangaReddy (Telangana)",31.03.2028
43,341.,TU/IV-RD/2110,Aurobindo Pharma Ltd.,"Floor No. 22, Galaxy Building, Plot No. 1, Survey No. 83/1, Hyderabad Knowledge City, Raidurg Panmaktha, Ranga Reddy District, Hyderabad-500 032(Telangana)","Aurobindo Pharma Ltd. Floor No. 22, Galaxy Building, Plot No. 1, Survey No. 83/1, Hyderabad Knowledge City, Raidurg Panmaktha, Ranga Reddy District, Hyderabad-500 032(Telangana)","APL Research Centre, Survey No. 313, Village Bachupally, Bachupally Mandal, Medchal Malkajgiri District (Telangana) (ii) APL Research Centre, Survey No. 71 & 72 Indrakaran Village, Kandi Mandal, Sanga Reddy District(Telangana)",31.03.2028
44,346.,TU/IV-RD/2127,Alkali Metals Ltd.,", F-5, Prembagh Apartments, 3-4-490/A, Barkatpura, Hyderabad -500 027,(Telangana)","Alkali Metals Ltd., F-5, Prembagh Apartments, 3-4-490/A, Barkatpura, Hyderabad -500 027,(Telangana)","Plot No. B-5, Block-III, IDA, Uppal,Hyderabad, (Telangana)",31.03.2028
44,347.,TU/IV-RD/2128,Gland Pharma Ltd.,"Survey No. 143, 148, 150 & 151, D.P. Palli, DundigalPost, Quthbullapur Mandal, R.RDist., Hyderabad – 500 043, (Telangana)","Gland Pharma Ltd. Survey No. 143, 148, 150 & 151, D.P. Palli, DundigalPost, Quthbullapur Mandal, R.RDist., Hyderabad – 500 043, (Telangana)","Survey No.143 to 148, 150 & 151, D.P. Palli, Dundigal Post, Quthbullapur Mandal, Ranga Reddy Distt., Hyderabad,State-(Telangana)",31.03.2028
45,354.,TU/IV-RD/2146,Prathista Industries Ltd.,"Sy.No.273,274,S.Lingotam(Village)Choutuppal(Mandal),YadadriBhongir-508252 (Telangana)","Prathista Industries Ltd.Sy.No.273,274,S.Lingotam(Village)Choutuppal(Mandal),YadadriBhongir-508252 (Telangana)","SurveyNo.273,274, Village:S.Lingotam, Choutuppal (Mandal),YadadriBhongir (Telangana)",31.03.2027
46,362.,TU/IV-RD/2162,Nuziveedu Seeds Ltd.,"SurveyNo.69, Kandlakoya,Medchal Mandal, Gundlapochampally Village, Medchal Madal, Medchal&Malkajgiri District–500100, (Telangana)","Nuziveedu Seeds Ltd. SurveyNo.69, Kandlakoya,Medchal Mandal, Gundlapochampally Village, Medchal Madal, Medchal&Malkajgiri District–500100, (Telangana)","Research Farms at Dabilpur and Yellampet, Medchal Mandal, Medchal & Malkajgiri District (Telangana)Conventional & Biotechnology Lab, Survey No.69,Kandlakoya, Medchal Mandal, Gundlapochampally (Village),Medchal& MalkajgiriDistrict (Telangana) (iii) Gut No. 107, Jalgaon Road, H.P. SawangiTal/Dist. Aurangabad, (Maharashtra)(iv) Survey No. 48, 50 & 51, Muneerabad (Village & Grampanchayat), Puduru (Post), Medchal (Mandal), Medchal & MalkajgiriDistrict, (Telangana)",31.03.2028
48,371.,TU/IV-RD/2186,Lee Pharma Ltd.,"Sy. No. 257 & 258/1, Door No.11-6/56,C-Block, Opp. IDPL Factory, Moosapet Vill., Balanagar Post, Hyderabad - 500 037, Telangana","Lee Pharma Ltd. Sy. No. 257 & 258/1, Door No.11-6/56,C-Block, Opp. IDPL Factory, Moosapet Vill., Balanagar Post, Hyderabad - 500 037, Telangana","(i) Survey No.10/G-1, Gaddapotharam (Vill.), Jinnaram (Mandal), Medak District, Telangana(ii) Plot No –V, Phase –II, Visakapatnam Special Economic Zone (VSEZ), Duvvada, Visakhapatnam,Andhra Pradesh",31.03.2026
48,374.,TU/IV-RD/2195,Radiant Corporation Pvt.,"Ltd. B-1, Industrial Estate, Sanathnagar, Hyderabad- 500 018,(Telangana)","Radiant Corporation Pvt. Ltd. B-1, Industrial Estate, Sanathnagar, Hyderabad- 500 018,(Telangana)","Plot No. 19/B, TSIIC,AutomotivePark, Muppireddypally (Village), Manaoharabad Mandal,Medak District (Telangana)",31.03.2028
49,377.,TU/IV-RD/2201,Kaveri Seed Company Ltd.,"#513-B, 5thFloor, Minerva Complex,S.D.Road,Secunderabad - 500 003, (Telangana)","Kaveri Seed Company Ltd.#513-B, 5thFloor, Minerva Complex,S.D.Road,Secunderabad - 500 003, (Telangana)","Sy. No. 703 Part, 707 Part,712 Part, 713 to 719,PamulaparthyVillage, Markook Mandal, Siddipet Dist., (Telangana)",31.03.2028
49,379.,TU/IV-RD/2208,Pravardhan Seeds Pvt.,"Ltd.SurveyNo.69, Second Floor, Block B, Kandlakoya, Gundlapochampally, Municipality,MedchalRangareddy Distt – 500 100, (Telangana)","Pravardhan Seeds Pvt. Ltd.SurveyNo.69, Second Floor, Block B, Kandlakoya, Gundlapochampally, Municipality,MedchalRangareddy Distt – 500 100, (Telangana)","R&D Farm, Parigi, Sy. No.185, 190, 198A,Mallamoniguda Village Road,Vikarabad, (Telangana)",31.03.2028
49,382.,TU/IV-RD/2216,Flic Microwaves Pvt.,"Ltd.Survey No. 75/2, Belapur(V), Balapur(M), Beside ARCI, Hyderabad- 500 005, Telangana","Flic Microwaves Pvt. Ltd.Survey No. 75/2, Belapur(V), Balapur(M), Beside ARCI, Hyderabad- 500 005, Telangana","Survey No. 75/2, Balapur(V), Balapur(M), Beside ARCI, Hyderabad - 500 005, Telangana",31.03.2026
49,383.,TU/IV-RD/2218,Suven Life Sciences Ltd.,"Serene Chamber, Road No. 5, Banjara Hills,Hyderabad – 500034, (Telangana)","Suven Life Sciences Ltd. Serene Chamber, Road No. 5, Banjara Hills,Hyderabad – 500034, (Telangana)","i) Plot No. 265, 266, 267 &268IDA,PhaseII,Pashamylaram, Pattancheru Mandal, Medak District, (Telangana) (ii) Plot No.18/B,PhaseIII,IDAJeedimetlaHyderabad, (Telangana)",31.03.2027
51,393.,TU/IV-RD/2248,PrabhatAgriBiotech Ltd.,"Survey No.69,Kandlakoya, Gundlapochampally Village, Medchal Mandal, Medchal-Malkajgiri District- 501 401, Telangana","PrabhatAgriBiotech Ltd.Survey No.69,Kandlakoya, Gundlapochampally Village, Medchal Mandal, Medchal-Malkajgiri District- 501 401, Telangana","Survey No.142, Kandlakoya Vill., Medchal Mandal, Medchal -Malkajgiri District, Telangana",31.03.2026
54,417.,TU/IV-RD/2312,Dr.,"Reddy'sLaboratories Ltd. 8-2-337, Road No. 3, Banjara Hills, Hyderabad – 500 034 (Telangana)","Dr.Reddy'sLaboratories Ltd. 8-2-337, Road No. 3, Banjara Hills, Hyderabad – 500 034 (Telangana)","(i) IPDO, Survey No. 42, 45& 46 plus 54 Bachupalli, (Telangana) (ii) Technology Development Centre 2 (Custom Pharmaceutical Services), Plot No. 31/A, IDA Jeedimetla, Hyderabad, (Telangana) (iii) Biologics Development Centre (BDC), Survey No. 47, Bachupalli, Medchal-Malkajgiri District,(Telangana)",31.03.2028
55,428.,TU/IV-RD/2347,VirchowLaboratories Ltd.,"Plot No. 4 to 10,S.V. Co-op. Indl. Estate, IDA,Jeedimetla,Hyderabad-500055 (Telangana)","VirchowLaboratories Ltd.Plot No. 4 to 10,S.V. Co-op. Indl. Estate, IDA,Jeedimetla,Hyderabad-500055 (Telangana)","Plot No. 4 to 10, S.V. Co-op. Indl. Estate, IDA, Jeedimetla, Hyderabad, Telangana",31.03.2026
55,429.,TU/IV-RD/2348,IndianImmunologicals Ltd.,"RoadNo.44,Jubilee Hills, Hyderabad - 500 033, Telangana","IndianImmunologicals Ltd. RoadNo.44,Jubilee Hills, Hyderabad - 500 033, Telangana","Rakshapuram, Gachibowli, Hyderabad, Telangana",31.03.2027
56,435.,TU/IV-RD/2358,ValagroBiosciences Pvt.,"Ltd.“The Platina”, A-904, 9thFloor, Gachibowli, SerilingampallyMandal, RangaReddyDist., Hyderabad - 500032,(Telangana)","ValagroBiosciences Pvt. Ltd.“The Platina”, A-904, 9thFloor, Gachibowli, SerilingampallyMandal, RangaReddyDist., Hyderabad - 500032,(Telangana)","Survey No. 1, 2 and 3, Phase-II, Pashamylaram (V), Patancheru (M), Medak District, (Telangana)",31.03.2028
56,438.,TU/IV-RD/2366,BalajiAminesLtd.,"3rdFloor,KPRHouse,S.P. Road, Hyderabad - 500 003, (Telangana)","BalajiAminesLtd.3rdFloor,KPRHouse,S.P. Road, Hyderabad - 500 003, (Telangana)","Plot No. E7 & E8, MIDCChincholi,Tq.Mohal, Solapur Dist. (Maharashtra)",31.03.2028
57,444.,TU/IV-RD/2384,AstraMicrowave Products Ltd.,"Astra Towers, Sy. No.12(P), Kothaguda(Post), Kondapur, Hitech City, Hyderabad- 500 084 (Telangana)","AstraMicrowave Products Ltd. Astra Towers, Sy. No.12(P), Kothaguda(Post), Kondapur, Hitech City, Hyderabad- 500 084 (Telangana)","i) Hardware Technology Park, Survey No.1/1, Raviryalla Vill., Sri Sailam Highway Road, RR Dist., (Telangana)ii)Plot No. 51-P, Bengaluru Aerospace Park, Survey Nos. Parts of 36 to 40, Dummanahalli (Village), Jala Hobli, YelahankaTaluk, Bengaluru North, (Karnataka)",31.03.2028
57,446.,TU/IV-RD/2391,VEM Technologies Pvt.,"Ltd. #8-48/1, Bachupally Indl. Area, Bachupally Village and Mandal, MedchalDistrict, Hyderabad- 500 090 (Telangana)","VEM Technologies Pvt. Ltd. #8-48/1, Bachupally Indl. Area, Bachupally Village and Mandal, MedchalDistrict, Hyderabad- 500 090 (Telangana)","#8-48/1, Bachupally Indl. Area, Bachupally Village and Mandal, Medchal District,Hyderabad (Telangana)",31.03.2027
60,461.,TU/IV-RD/2441,Deccan Enterprises Pvt.,"Ltd Plot No. G1-G7 TSIIC General Park, Sultanpur, Sangareddy, Hyderabad-502 319 (Telangana)","Deccan Enterprises Pvt. Ltd Plot No. G1-G7 TSIIC General Park, Sultanpur, Sangareddy, Hyderabad-502 319 (Telangana)","Plot No. G1-G7 TSIICGeneral Park, Sultanpur, Sangareddy, Hyderabad (Telangana)",31.03.2028
60,462.,TU/IV-RD/2443,JK Agri Genetics Ltd.,"1-10-177, 4th Floor, Varun Towers, Begumpet Hyderabad - 500 016, (Telangana)","JK Agri Genetics Ltd. 1-10-177, 4th Floor, Varun Towers, Begumpet Hyderabad - 500 016, (Telangana)","(i) Survey No. 870/A/1, 871/A1/1,871/A1/2/1,872/A and 873/A1, PamulaparthyVillage,SiddipetDistrict, (Telangana) ii) Survey No. 842/E1, 864/A, 865/1,866/A, 869/1, 870/A/1,871/A2/1/1 and 942/A1, PamulaparthyVillage,SiddipetDistrict, (Telangana)",31.03.2026
60,463.,TU/IV-RD/2447,Nichino India Pvt.,"Ltd.A-24/25,A.P.I.E.,Balanagar Hyderabad –500 037, (Telangana)","Nichino India Pvt. Ltd.A-24/25,A.P.I.E.,Balanagar Hyderabad –500 037, (Telangana)","A-24/25,A.P.I.E.,Balanagar,Hyderabad, (Telangana)",31.03.2028
61,470.,TU/IV-RD/2463,Kanchan Ganga Seed Company Pvt.,"Ltd. 6-3-1085/D/202,Dega Towers, Raj Bhavan Road,Somajiguda,Hyderabad- 500 082 (Telangana)","Kanchan Ganga Seed Company Pvt. Ltd. 6-3-1085/D/202,Dega Towers, Raj Bhavan Road,Somajiguda,Hyderabad- 500 082 (Telangana)","Bakaram Village, Moinabad Mandal, Amdapur Post, Ranga Reddy District, (Telangana)",31.03.2027
61,474.,TU/IV-RD/2472,Medha Servo Drives Pvt.,"Ltd. 2-3-2/A, Behind Mint Compound, Cherlapally, R R Dist. Hyderabad-500 051,(Telangana)","Medha Servo Drives Pvt. Ltd. 2-3-2/A, Behind Mint Compound, Cherlapally, R R Dist. Hyderabad-500 051,(Telangana)","(i) 2-3-2/A, Behind Mint Compound, Cherlapally, Ranga Reddy Dist., Telangana (ii) Plot No. 16F, 16G, 16H, Road No. 07,I.D.A.Nacharam, Hyderabad, (Telangana)",31.03.2028
61,475.,TU/IV-RD/2477,SMS Pharmaceuticals Ltd.,"Plot No. 72, H. No. 8-2-334/3&4, Road No. 5,Opp. SBI Executive Enclave, Banjara Hills, Hyderabad - 500 034,(Telangana)","SMS Pharmaceuticals Ltd. Plot No. 72, H. No. 8-2-334/3&4, Road No. 5,Opp. SBI Executive Enclave, Banjara Hills, Hyderabad - 500 034,(Telangana)","Sy. No. 186, 189 & 190,Gagillapur Village, , Dundigal Gandimaisamma (M), Medchal-Malkajgiri Dist. (Telangana)",31.03.2028
63,491.,TU/IV-RD/2515,Bhagiradha Chemicals & Industries Ltd.,"Plot No. 3, Sagar Society, Road No.2, Banjara Hills, Hyderabad - 500 034(Telangana)","Bhagiradha Chemicals & Industries Ltd. Plot No. 3, Sagar Society, Road No.2, Banjara Hills, Hyderabad - 500 034(Telangana)","Cheruvukommupalem, YerajarlaRoad,Ongole Mandal,PrakasamDistt (Andhra Pradesh)",31.03.2026
65,502.,TU/IV-RD/2535,Bioserve Biotechnologies(India) Pvt.,"Ltd.D4-D7, 1st Floor,IndustrialEstate, Moula Ali, Hyderabad -500 040, Telangana","Bioserve Biotechnologies(India) Pvt.Ltd.D4-D7, 1st Floor,IndustrialEstate, Moula Ali, Hyderabad -500 040, Telangana","Pinnacle Towers, 1st Floor, Plot No. 9/7/A&B, Road No.6IDA,Nacharam,Hyderabad,Medchal-MalkajgiriDistrict, Telangana",31.03.2026
66,515.,TU/IV-RD/2566,Nosch Labs Pvt.,"Ltd. Flat No.404 to 406, 'Vijay SaiTowers'Opp. BJP Office, Kukatpally,Hyderabad- 500 072, Telangana","Nosch Labs Pvt.Ltd. Flat No.404 to 406, 'Vijay SaiTowers'Opp. BJP Office, Kukatpally,Hyderabad- 500 072, Telangana","(i)Sy.No.14,IDAGoddapotharam(V), Kazipally,Jinnaram (Mandal), Sanga Reddy (Dist.), Telangana (ii) Sy. No. 332,333 & 335,Veliminedu Village, Chityal Mandal, Nalgonda Dist.,Telangana",31.03.2026
66,517.,TU/IV-RD/2572,Unique Biotech Ltd.,"Plot No. 2, Phase-II, M N Park,Kolthur,Shameerpet Mandal, Medchal-Malkajgiri Dist.Hyderabad-500 101, Telangana","Unique Biotech Ltd. Plot No. 2, Phase-II, M N Park,Kolthur,Shameerpet Mandal, Medchal-Malkajgiri Dist.Hyderabad-500 101, Telangana","Plot No. 2, Phase-II, M N Park, Kolthur, Shameerpet Mandal, Medchal-Malkajgiri Dist. Hyderabad, Telangana",31.03.2027
67,519.,TU/IV-RD/2582,Nektar Therapeutics (India) Pvt.,"Ltd. Survey No.101/02,Lalgadi Malakpet,Genome Valley,Shameerpet Mandal,Medchal Dist., Telangana – 500 101 (Telangana)","Nektar Therapeutics (India) Pvt. Ltd. Survey No.101/02,Lalgadi Malakpet,Genome Valley,Shameerpet Mandal,Medchal Dist., Telangana – 500 101 (Telangana)","Survey No. 101/02, Lalgadi Malakpet, Genome Valley, ShameerpetMandal, Medchal Dist., Telangana",31.03.2025
68,529.,TU/IV-RD/2615,GR Intrachem Ltd.,"3-6-29/1L.B.Nagar,Hyderabad-500074, Telangana","GR Intrachem Ltd. 3-6-29/1L.B.Nagar,Hyderabad-500074, Telangana","3-6-29/1,L.B.Nagar,Hyderabad, Telangana",31.03.2027
68,531.,TU/IV-RD/2627,Asha Agrisciences Pvt.,"Ltd., (Formerly Known as . Yaaganti Seeds Pvt. Ltd.) Sy. No. 69, Second Floor,Block-B, Kandlakoya, Gundlapochampally Municipality,Medchal, Madal, Medchal-MalkajgiriDistrict–500100 (Telangana)","Asha Agrisciences Pvt. Ltd., (Formerly Known as . Yaaganti Seeds Pvt. Ltd.) Sy. No. 69, Second Floor,Block-B, Kandlakoya, Gundlapochampally Municipality,Medchal, Madal, Medchal-MalkajgiriDistrict–500100 (Telangana)","R&D Farm Sy. No. 336-339,Rallapur Vill., Medchal Mandal, Medchal-Malkajgiri District, (Telangana)",31.03.2028
69,537.,TU/IV-RD/2644,KN Biosciences (India) Pvt.,"Ltd. Plot No. 28, UshodayaEnclave, Madinaguda, Miyapur, Hyderabad-500 050, Telangana","KN Biosciences (India) Pvt. Ltd. Plot No. 28, UshodayaEnclave, Madinaguda, Miyapur, Hyderabad-500 050, Telangana","1st Floor, Survey No. 487, Behind SLI Power Engineers, Bachupally (Village&Mandal),Medchal-Malkajgiri Dist.,Hyderabad (Telangana)",31.03.2026
72,557.,TU/IV-RD/2686,Vikky's Agrisciences Pvt.,"Ltd. G-1, Manu Abode, Plot No 26, Gafoornagar, Madhapur, Hyderabad – 500 081(Telangana)","Vikky's Agrisciences Pvt. Ltd. G-1, Manu Abode, Plot No 26, Gafoornagar, Madhapur, Hyderabad – 500 081(Telangana)","NandigamaVillage, Patancheru Mandal, Sanga Reddy Dist., (Telangana)",31.03.2027
73,560.,TU/IV-RD/2696,Mylan Laboratories Ltd.,", 564/A/22, Road No. 92,Jubilee Hills,Hyderabad - 500 096, (Telangana)","Mylan Laboratories Ltd., 564/A/22, Road No. 92,Jubilee Hills,Hyderabad - 500 096, (Telangana)","FDF R&D Centre, API R&D Centre and Injectables R&D Centre, Plot No. 31, 32, 33 & 34A (House No.15-10), Anrich Industrial Estate, Bollaram, Jinnaram Mandal,Sangareddy, (Telangana) (ii) Clinical Research Centre, Saradhi Chambers,A-4 Rukminipuri, Near Poulomi Hospital, A.S. Rao Nagar, Hyderabad, (Telangana) (iii) Injectables R&D centre, Sy. Nos. 28,29,30 &42, Plot No. 48, Bommasandra-Jigani Link Road, Industrial Area, Bandenallasandra Village, Jigani Hobli, Anekal Taluk,Bangalore, (Karnataka)",31.03.2026
75,580.,TU/IV-RD/2740,Vivo Bio Tech Ltd.,"#8-2-672/5&6,Ilyas Mohammed Khan Estate, 3rd Floor, Road No. 1, Banjara Hills, Hyderabad– 500 034, Telangana","Vivo Bio Tech Ltd. #8-2-672/5&6,Ilyas Mohammed Khan Estate, 3rd Floor, Road No. 1, Banjara Hills, Hyderabad– 500 034, Telangana","Sy. No. 349/A 350, 351,356, Pregnapur Village, Gajwel Mandal, Siddipet District (Telangana)",31.03.2025
75,581.,TU/IV-RD/2741,Relisys Medical Devices Ltd.,"Survey No. 312, PocharamRoad,Mangalapally Village, Ibrahimpatnam Mandal, Rangareddy - 501 510,(Telangana)","Relisys Medical Devices Ltd. Survey No. 312, PocharamRoad,Mangalapally Village, Ibrahimpatnam Mandal, Rangareddy - 501 510,(Telangana)","Survey No. 312, Pocharam Road, Mangalapally Village, Ibrahimpatnam Mandal, Rangareddy, (Telangana)",31.03.2027
76,588.,TU/IV-RD/2769,Fleming Laboratories Ltd.,"Plot No. 131, Ground Floor, Green Park Avenue, Behind Hotel Surabhi Pride (Near SuchitraJunction), Jeedimetla, Hyderabad-500 067 (Telangana)","Fleming Laboratories Ltd. Plot No. 131, Ground Floor, Green Park Avenue, Behind Hotel Surabhi Pride (Near SuchitraJunction), Jeedimetla, Hyderabad-500 067 (Telangana)","Plot No.152 & 160, Phase V, IDA, Jeedimetla, Hyderabad (Telangana)",31.03.2027
78,596.,TU/IV-RD/2793,Limagrain India Pvt.,"Ltd.H.No.1-8-201 to 203, FlatNo.208 to 209 Ashoka My Home Chambers,S. P. Road, Secunderabad -500 003 Telangana","Limagrain India Pvt. Ltd.H.No.1-8-201 to 203, FlatNo.208 to 209 Ashoka My Home Chambers,S. P. Road, Secunderabad -500 003 Telangana","Yadaram Village, Medchal Mandal, R.R. Dist, Telangana",31.03.2026
78,602.,TU/IV-RD/2805,Vasant Chemicals Pvt.,"Ltd. 4th Floor, Vasant Towers,Begumpet, Hyderabad - 500 016,Telangana","Vasant Chemicals Pvt. Ltd. 4th Floor, Vasant Towers,Begumpet, Hyderabad - 500 016,Telangana","Plot No. 91 C&D, Phase I, IDA,Jeedimetla, Hyderabad, Telangana",31.03.2026
80,620.,TU/IV-RD/2833,Vimta Labs Ltd.,"142, IDA PhaseII,CherlapallyHyderabad-500051, Telangana","Vimta Labs Ltd. 142, IDA PhaseII,CherlapallyHyderabad-500051, Telangana","Life Science Facility, 5, MN Park,GenomeValley,Shameerpet,Hyderabad, Telangana",31.03.2026
81,623.,TU/IV-RD/2839,Mahati Seed Sciences Pvt.,"Ltd. 1401,14th Floor, BabukhanEstate, Basheerbagh, Hyderabad- 500 001, (Telangana)","Mahati Seed Sciences Pvt. Ltd. 1401,14th Floor, BabukhanEstate, Basheerbagh, Hyderabad- 500 001, (Telangana)","Gatt No. 28 & 40, At. PO Patoda, Tal. & Dist. Aurangabad, (Maharashtra)",31.03.2028
82,632.,TU/IV-RD/2866,Maspack Ltd.,"Maspack House,H.No.12-13-1274, Tarnaka,Hyderabad- 500 017, Telangana","Maspack Ltd.Maspack House,H.No.12-13-1274, Tarnaka,Hyderabad- 500 017, Telangana","Pochampally Vill. & Mandal, Yadadri Bhuvanagiri Dist. Telangana",31.03.2026
82,637.,TU/IV-RD/2879,Aishwarya Seeds India Pvt.,"Ltd. 1-143, R.T.C.Colony,Medchal, Hyderabad – 501 401,Telangana","Aishwarya Seeds India Pvt. Ltd. 1-143, R.T.C.Colony,Medchal, Hyderabad – 501 401,Telangana","Survey No. 665, Village-Tunki Khalsha,Mandal-Wargal, Distt: Siddipet, Telangana",31.03.2025
83,646.,TU/IV-RD/2903,MSN Laboratories Pvt.,"Ltd. MSN House, Plot No. C-24, Sanath Nagar, Industrial Estate, Sanath Nagar, Hyderabad – 500 018 (Telangana)","MSN Laboratories Pvt. Ltd. MSN House, Plot No. C-24, Sanath Nagar, Industrial Estate, Sanath Nagar, Hyderabad – 500 018 (Telangana)","(i) S. No. 317 & 323,Rudraram Vill., Patancheru Mandal, Sangareddy Dist. (Telangana) (ii) Plot No 12, Phase IV, Pashamylaram, PatancheruMandal,SangareddyDistrict (Telangana)",31.03.2027
84,652.,TU/IV-RD/2919,Corteva Agriscience Seeds Pvt.,"Ltd., V-Ascendas, Atria Block, 12th Floor, Plot No. 17, Software Unit Layout,Madhapur, Hyderabad – 500 081, (Telangana)","Corteva Agriscience Seeds Pvt. Ltd., V-Ascendas, Atria Block, 12th Floor, Plot No. 17, Software Unit Layout,Madhapur, Hyderabad – 500 081, (Telangana)","Yellampet (Vill.), Athiveli Post, Mandal & District Medchal (Telangana)",31.03.2028
84,656.,TU/IV-RD/2925,Aizant Drug Research Solutions Pvt.,"Ltd. Survey No. 172 & 173, Apparel Park Road, Dulapally,Dundigal Gandimaisamma Mandal, Medchal-MalkhajgiriDistrict, Hyderabad - 500 010,Telangana","Aizant Drug Research Solutions Pvt. Ltd. Survey No. 172 & 173, Apparel Park Road, Dulapally,Dundigal Gandimaisamma Mandal, Medchal-MalkhajgiriDistrict, Hyderabad - 500 010,Telangana","Survey No. 172 & 173, Apparel Park Road, Dulapally,Dundigal Gandimaisamma Mandal, Medchal-Malkhajgiri District, Hyderabad, Telangana",31.03.2025
85,659.,TU/IV-RD/2931,Seedworks International Ltd.,"Survey No. 530A, GowdavellyVillage, District Medchal – 501 401 (Telangana)","Seedworks International Ltd. Survey No. 530A, GowdavellyVillage, District Medchal – 501 401 (Telangana)","(i) Survey No. 530A, Gowdavelly Village, District: Medchal, (Telangana) (ii) Survey No. 335/1, 335/2, 336/1, 336/2, 337/1, 337/2,288/7A1,60/P2,60/P3,60/P5, 60/P6 and 60/P9, Alkapura farm-Gouribidanur(Tq),Dist.:Chikkballapur (Karnataka)",31.03.2027
85,661.,TU/IV-RD/2937,Penna Seeds Pvt.,"Ltd. Plot No. 135, Flat No. 301, Godha Nilayam, 6th Phase,K.P.H.B.,Kukatpally, Hyderabad-500 072,","Penna Seeds Pvt. Ltd. Plot No. 135, Flat No. 301, Godha Nilayam, 6th Phase,K.P.H.B.,Kukatpally, Hyderabad-500 072,","Seed Research Unit, Muneerabad Vill., Sy. No. 30/2, 30/3, Medchal Mandal, Medchal-Malkajgiri District, Telangana",31.03.2026
86,664.,TU/IV-RD/2947,Vins Bioproducts Ltd.,"#806, Essjay House,Road No.3, Banjara Hills,Hyderabad - 500 034, Telangana","Vins Bioproducts Ltd. #806, Essjay House,Road No.3, Banjara Hills,Hyderabad - 500 034, Telangana","Survey No.117, Thimmapur Village, Kothur Mandal, Ranga Reddy Dist. Telangana.",31.03.2027
86,668.,TU/IV-RD/2955,Srini Pharmaceuticals Pvt.,"Ltd., Plot No.10, Type-C, Road No.8, Film Nagar, Jubilee Hills, Hyderabad - 500 096,(Telangana)","Srini Pharmaceuticals Pvt. Ltd., Plot No.10, Type-C, Road No.8, Film Nagar, Jubilee Hills, Hyderabad - 500 096,(Telangana)","SurveyNo.247, Choutuppal,YadadriBhuvanagiri(Dist.), (Telangana)",31.03.2027
87,677.,TU/IV-RD/2975,Hytech Seed India Pvt.,"Ltd., Survey Number 362, RavalkoleVillage,MedchalMandal, Medchal-MalkajgiriDistrict-501401 (Telangana)","Hytech Seed India Pvt. Ltd., Survey Number 362, RavalkoleVillage,MedchalMandal, Medchal-MalkajgiriDistrict-501401 (Telangana)","Survey No. 361 & 362, V&PO Ravalkole, Medchal Mandal, Medchal-Malkajgiri District (Telangana)",31.03.2027
89,689.,TU/IV-RD/3004,Paturu Agri Biotech Pvt.,"Ltd.# 1-8-505/1, 2ndFloor,PrakashNagar, Begumpet,Hyderabad-500 016, Telangana.","Paturu Agri Biotech Pvt. Ltd.# 1-8-505/1, 2ndFloor,PrakashNagar, Begumpet,Hyderabad-500 016, Telangana.","Sy No. 235, Akvanchaguda Village, Jinnaram (Mandal), Medak (Dist.), Telangana",31.03.2027
89,692.,TU/IV-RD/3009,Novartis Healthcare Pvt.,"Ltd., Synergy Square 3, Building No. 1800 1st Floor & 2nd Floor, Plot No. 4, Survey No's 101 and 101/2, Lalgadi MalakpetVillage,ShameerpetMandal, Medchal-Malkajgiri District, Hyderabad - 500 101, Telangana","Novartis Healthcare Pvt. Ltd., Synergy Square 3, Building No. 1800 1st Floor & 2nd Floor, Plot No. 4, Survey No's 101 and 101/2, Lalgadi MalakpetVillage,ShameerpetMandal, Medchal-Malkajgiri District, Hyderabad - 500 101, Telangana","(i) Synergy Square 3, Plot No. 4, Building No. 1800, 1st Floor & 2nd Floor,(Labs A21, A22, A23, A24, A31, A32, A33, A34 A12)Building No. 2700, 1st Floor (Labs b12, B13, B14 shifted from R&D unit 02) Survey No.'s 101 and 101/2, Lalgadi Malakpet (V), Shameerpet (M), Medchal-Malkajgiri (D), Hyderabad",31.03.2026
91,700.,TU/IV-RD/3026,Granules India Ltd.,"2nd Floor, 3rd Block, My Home Hub, Madhapur, Hyderabad, Telangana - 500 081","Granules India Ltd. 2nd Floor, 3rd Block, My Home Hub, Madhapur, Hyderabad, Telangana - 500 081","(i) Plot No. 56, Survey No. 342, Road No. 5, ALEAPIndustrial Area, Pragathi Nagar, Gajularamaramvillage,Qutubullapur Mandal, Ranga Reddy Distt. Hyderabad, Telangana (ii) Plot No 10, Survey No. 234,235 & 245, India Land Global Industrial Park, Hinjewadi, Phase-1, Pune(iii) Plot No 160/A ,161E GagillapurVill.Qutubullapur,Mandal, Telangana (iv) Plot No 8, Jawaharlal Nehru Pharma City,Parawada,Visakhapatnam (AP)",31.03.2025
92,704.,TU/IV-RD/3033,Neo Seeds India Pvt.,"Ltd. 7-1-22/14, Lane Next to Roxana Towers, BegumpetRailwayStationRoad,Greenlands, Hyderabad-500016 (Telangana)","Neo Seeds India Pvt. Ltd. 7-1-22/14, Lane Next to Roxana Towers, BegumpetRailwayStationRoad,Greenlands, Hyderabad-500016 (Telangana)","Sy. No. 1159 to 1163,Masaipet Village, Veldurthy Mandal, Medak District (Telangana)",31.03.2025
93,711.,TU/IV-RD/3045,Yaganti Agro-Tech Pvt.,"Ltd. Plot No. 38, Green Park Avenue, Near SuchitraCircle,JeedimetlaVillage,MedchalRoad, Hyderabad – 500 067,(Telangana)","Yaganti Agro-Tech Pvt. Ltd. Plot No. 38, Green Park Avenue, Near SuchitraCircle,JeedimetlaVillage,MedchalRoad, Hyderabad – 500 067,(Telangana)","Survey No. 396, Gundla PochampalliVillage, Medchal Mandal & District, (Telangana)",31.03.2028
94,721.,TU/IV-RD/3077,Smilax Laboratories Ltd.,"Plot No. 12/A, Phase-III,I.D.A.,Jeedimetla, Hyderabad - 500 055, Telangana","Smilax Laboratories Ltd. Plot No. 12/A, Phase-III,I.D.A.,Jeedimetla, Hyderabad - 500 055, Telangana","Unit-I,PlotNo.12/A, Phase-III,I.D.A.,Jeedimetla,Hyderabad, Telangana",31.03.2026
95,725.,TU/IV-RD/3102,Symed Labs Ltd.,"Plot No. 290, Srivalli’s Corporate, Road No. 06, Kakatiya Hills, Madhapur,Hyderabad - 500 081, (Telangana)","Symed Labs Ltd.Plot No. 290, Srivalli’s Corporate, Road No. 06, Kakatiya Hills, Madhapur,Hyderabad - 500 081, (Telangana)","Plot No. 89/A, Phase-I, IDA, Jeedimetla, Hyderabad, (Telangana)",31.03.2028
96,730.,TU/IV-RD/3111,Celon Laboratories Pvt.,"Ltd. Plot No. 264, Patrika Nagar,Madhapur, Hyderabad – 500 081,Telangana","Celon Laboratories Pvt. Ltd. Plot No. 264, Patrika Nagar,Madhapur, Hyderabad – 500 081,Telangana","Plot No.- 123 & 124, ALEAPIndustrialEstate, Gajularamaram,NearPragathi Nagar, Hyderabad, Telangana",31.03.2025
99,755.,TU/IV-RD/3153,Aadhaar Seeds Pvt.,"Ltd. Plot No 55, Road No 3, Haripur Colony , Saroor Nagar, Hyderabad - 500035, Telangana","Aadhaar Seeds Pvt. Ltd. Plot No 55, Road No 3, Haripur Colony , Saroor Nagar, Hyderabad - 500035, Telangana","Dubbaka Vill, Ramannapet (Mdl), Nalgonda (Dist.) Telangana",31.03.2026
99,761.,TU/IV-RD/3167,Tergene Biotech Ltd.,"(Formerly . Tergene Biotech Pvt. Ltd.) Suit-121 &122, Building 450, GenomeValley,TurkapallyVillage, Shamirpet Mandal, RangaReddy Dist,Hyderabad – 500 078, Telangana","Tergene Biotech Ltd. (Formerly . Tergene Biotech Pvt. Ltd.) Suit-121 &122, Building 450, GenomeValley,TurkapallyVillage, Shamirpet Mandal, RangaReddy Dist,Hyderabad – 500 078, Telangana","Suite-121&122,Building450GenomeValley, Turkapally Village,ShamirpetMandal, RangaReddyDistrict, Hyderabad, Telangana",31.03.2025
101,778.,TU/IV-RD/3203,Siri Seeds (India) Pvt.,"Ltd. 301 & 302, 3rd Floor, 6-3-1099/1100,Babukhan’s Millennium Centre, Raj Bhawan Road,Somajiguda, Hyderabad – 500 082,(Telangana)","Siri Seeds (India) Pvt. Ltd. 301 & 302, 3rd Floor, 6-3-1099/1100,Babukhan’s Millennium Centre, Raj Bhawan Road,Somajiguda, Hyderabad – 500 082,(Telangana)","Survey No. 67, 68, 71, 72,DanthanpallyVillage, Mandal:Shivampeta, District Medak, (Telangana)",31.03.2028
103,791.,TU/IV-RD/3229,ADAMA India Pvt.,"Ltd. Plot No. DS-13, Sy No 542/2, IKP Knowledge Park,Turkapally, Shameerpet, Medchal-MalkajgiriDist.Hyderabad-500 101, Telangana","ADAMA India Pvt. Ltd. Plot No. DS-13, Sy No 542/2, IKP Knowledge Park,Turkapally, Shameerpet, Medchal-MalkajgiriDist.Hyderabad-500 101, Telangana","Plot No. DS-13, IKPKnowledgePark, Shameerpet, Turkapally, Medchal Dist. Hyderabad, Telangana",31.03.2026
103,793.,TU/IV-RD/3231,Sowbhagya Biotech Pvt.,"Ltd. Plot No. 79, Phase-II, IDA, Cherlapally, Hyderabad-500051(Telangana)","Sowbhagya Biotech Pvt. Ltd. Plot No. 79, Phase-II, IDA, Cherlapally, Hyderabad-500051(Telangana)","Sy. No.418, 420 & 421,VillageAregudem, ChoutuppalMandal,BhuvanagiriYadadri Dist., Telangana",31.03.2026
103,796.,TU/IV-RD/3236,Sigachi Industries Ltd.,"229/1 & 90 Kalyan’s Tulasiram Chambers, Madinaguda, Hyderabad -500 049, Telangana","Sigachi Industries Ltd. 229/1 & 90 Kalyan’s Tulasiram Chambers, Madinaguda, Hyderabad -500 049, Telangana","Plot No. Z-16, Dahej SEZ, Part 1, Dahej, Tal. Vagra, District - Bharuch (Gujarat)",31.03.2026
104,803.,TU/IV-RD/3260,Biogenex Life Sciences Pvt.,"Ltd. Plot No. 4, Survey No. 656/A(Part), Aero Space & Precision Engineering Industries SEZ,Adibatla,Rangareddi - 501 510, Telangana","Biogenex Life Sciences Pvt. Ltd. Plot No. 4, Survey No. 656/A(Part), Aero Space & Precision Engineering Industries SEZ,Adibatla,Rangareddi - 501 510, Telangana","Plot No. 4, Survey No. 656/A, TSIIC,Aero Space & PrecisionEngineering Industries SEZ, Adibatla, Rangareddi(Telangana)",31.03.2026
104,805.,TU/IV-RD/3266,Brilliant Bio Pharma Pvt.,"Ltd.Plot No. 97,98,276,277,IDA,Pashamylaram,Sangareddy District – 502 307, (Telangana)","Brilliant Bio Pharma Pvt. Ltd.Plot No. 97,98,276,277,IDA,Pashamylaram,Sangareddy District – 502 307, (Telangana)","Plot No. 97, 98, 276, 277,IDA,Pashamylaram, SangareddyDistrict, (Telangana)",31.03.2028
104,806.,TU/IV-RD/3267,Finoso Pharma Pvt.,"Ltd. Building 450, MN Science and Technology Park,Turkapally,Samirpet, Hyderabad Telangana","Finoso Pharma Pvt. Ltd. Building 450, MN Science and Technology Park,Turkapally,Samirpet, Hyderabad Telangana","Building 450, MN Science andTechnologyPark, Phase-I,Turkapally, Samirpet, Hyderabad,Telangana",31.03.2026
106,823.,TU/IV-RD/3338,Orbicular Pharmaceutical Technologies Pvt.,"Ltd. PlotNo.53,ALEAPIndustrial Estate, Near PragathiNagar, Kukatpally, Hyderabad -500 090, Telangana","Orbicular Pharmaceutical Technologies Pvt. Ltd. PlotNo.53,ALEAPIndustrial Estate, Near PragathiNagar, Kukatpally, Hyderabad -500 090, Telangana","Plot No. 53, Aleap Industrial Estate, Near Pragathi Nagar, Kukatpally, Hyderabad, Telangana",31.03.2026
107,825.,TU/IV-RD/3341,Globion India Pvt.,"Ltd. 2nd Floor, Survey #25, Vasavi Gold Stone, Beside Military Foot Ball Ground, Trimulgherry,Secunderabad, Telangana – 500 015","Globion India Pvt. Ltd. 2nd Floor, Survey #25, Vasavi Gold Stone, Beside Military Foot Ball Ground, Trimulgherry,Secunderabad, Telangana – 500 015","Door No. 4-3, Biotech Park Phase III, Survey No. 321, Karakapatla,Markook Mandal, Siddipet Dist., Telangana",31.03.2026
109,846.,TU/IV-RD/3406,J.,"C. Biotech Pvt. Ltd. Plot No. 3, Sagar Society, Road No. 2, Banjara Hills,Hyderabad- 500 034, (Telangana)","J. C. Biotech Pvt. Ltd. Plot No. 3, Sagar Society, Road No. 2, Banjara Hills,Hyderabad- 500 034, (Telangana)","Plot No. 548-550, APIICGrowth Centre, Gundlapalli, (V), Maddipadu Mandal Prakasam Dist., AP",31.03.2027
110,852.,TU/IV-RD/3419,Sai Life Sciences Ltd.,"Plot No. DS - 7, IKPKnowledgePark,TurakapallyVillage,Shameerpet Mandal, Medchal-Malkajgiri Dist. Hyderabad – 500 078 (Telangana)","Sai Life Sciences Ltd.Plot No. DS - 7, IKPKnowledgePark,TurakapallyVillage,Shameerpet Mandal, Medchal-Malkajgiri Dist. Hyderabad – 500 078 (Telangana)","(i) DS-4 &DS-7,IKPKnowledge Park, Phase - I, TurakapallyVillage,ShameerpetMandal, Medchal-Malkajgiri Dist. Hyderabad (Telangana) (ii) Plot No. 80 A, 80 B & 81 A,Kolhar Industrial Area, Bidar (Karnataka)",31.03.2027
112,869.,TU/IV-RD/3461,Kurnool Seeds (P) Ltd.,"#1-5-1055/87/55,N/RHMTColony,Jonnabanda,Alwal, GHMC Circle Malkajgiri,Hyderabad-500010 (Telangana)","Kurnool Seeds (P) Ltd.#1-5-1055/87/55,N/RHMTColony,Jonnabanda,Alwal, GHMC Circle Malkajgiri,Hyderabad-500010 (Telangana)","Vemula-Village, Itikyala-Mandal, Jogulamba Gadwal District (Telangana)",31.03.2027
112,871.,TU/IV-RD/3463,AG Bio Systems Pvt.,"Ltd. Plot No. 35 E, IDA Phase V, Cheralapally,Hyderabad, Telangana-500 051.","AG Bio Systems Pvt. Ltd. Plot No. 35 E, IDA Phase V, Cheralapally,Hyderabad, Telangana-500 051.","Plot No. 35 E, IDA Phase V, Cheralapally, Hyderabad, Telangana",31.03.2027
113,878.,TU/IV-RD/3491,RCC Laboratories India Pvt.,"Ltd. Genome Valley Turkapally, Hyderabad –500 078, (Telangana)","RCC Laboratories India Pvt. Ltd. Genome Valley Turkapally, Hyderabad –500 078, (Telangana)","Genome Valley, Turkapally, Hyderabad, (Telangana)",31.03.2028
118,922.,TU/IV-RD/3582,Ghanta Foods Pvt.,"Ltd. 4E, Surya Towers, Sardar PatelRoad,Secunderabad- 500 003, Telangana","Ghanta Foods Pvt. Ltd. 4E, Surya Towers, Sardar PatelRoad,Secunderabad- 500 003, Telangana","Survey NO. 631/6 (Part), 631/7(Part),631/8(Part),631/9 (Part), 631/10 (Part),631/11(Part), NandiwanaparthyVillage, Near Pilli Paili, Yacharam Mandal,DistrictRangaReddy (Telangana)",31.03.2026
118,926.,TU/IV-RD/3589,GV Seeds Pvt.,"Ltd. H.No. 13-255/2C, Plot No.18, Near Royal Function Hall, Chandra Nagar, Medchal,Medchal-Malkajgiri(Dist.), Hyderabad – 501 401,Telangana","GV Seeds Pvt. Ltd. H.No. 13-255/2C, Plot No.18, Near Royal Function Hall, Chandra Nagar, Medchal,Medchal-Malkajgiri(Dist.), Hyderabad – 501 401,Telangana","Sy. No. 49/1A, Tallavalli Village, Musunuru Mandal, Krishna District (AP),",31.03.2026
119,930.,TU/IV-RD/3602,Varsha Bioscience and Technology India Pvt.,"Ltd. Floor 3, No: 17-1-383/36/2, 2nd Main Road, Vinaynagar, Saidabad, Hyderabad-500 059,Telangana","Varsha Bioscience and Technology India Pvt. Ltd. Floor 3, No: 17-1-383/36/2, 2nd Main Road, Vinaynagar, Saidabad, Hyderabad-500 059,Telangana","Survey No. 253/A, dothigudem, Jiblakpally Village,BhoodanPochampallyMandal, Yadadri District, Telangana",31.03.2026
122,958.,TU/IV-RD/3646,Metrochem API Pvt.,"Ltd. Flat No. 302, Bhanu Enclave, Sunder Nagar, Erragadda, Hyderabad-500 038, (Telangana)","Metrochem API Pvt. Ltd. Flat No. 302, Bhanu Enclave, Sunder Nagar, Erragadda, Hyderabad-500 038, (Telangana)","Plot. No. 298/P, DR. No. 01-173/3/1, Phase-I, I.D.A.,Jeedimetla,Medchal-MalkajgiriDistrict, (Telangana)",31.03.2028
123,963.,TU/IV-RD/3653,HM Clause (India) Pvt.,"Ltd. Survey No. 563/P, D. No. 6-98/4, Gowdavelli Village, Medchal Mandal,Hyderabad - 501 401, (Telangana)","HM Clause (India) Pvt. Ltd. Survey No. 563/P, D. No. 6-98/4, Gowdavelli Village, Medchal Mandal,Hyderabad - 501 401, (Telangana)","Arjuna Bettahalli Village, Railway Gollahalli Post, NelamangalaTaluk, Bangalore, (Karnataka)",31.03.2028
124,973.,TU/IV-RD/3675,Trimurti Plant Sciences Pvt.,"Ltd.101,MGREstates,DwarakapuriColony,Punjagutta,Hyderabad-500082, (Telangana)","Trimurti Plant Sciences Pvt.Ltd.101,MGREstates,DwarakapuriColony,Punjagutta,Hyderabad-500082, (Telangana)","Ramayampalli,Topran, Medak Dist, (Telangana)",31.03.2027
125,978.,TU/IV-RD/3686,Alphamed Formulations Pvt.,"Ltd. Survey No. 225, Sampanbole Village, Shamirpet Mandal, RangaReddy District - 500 078,Telangana","Alphamed Formulations Pvt. Ltd. Survey No. 225, Sampanbole Village, Shamirpet Mandal, RangaReddy District - 500 078,Telangana","SurveyNo.225, Sampanbole, Shamirpet Mandal, Ranga Reddy District, Telangana",31.03.2025
125,980.,TU/IV-RD/3688,Shakthi Seeds Pvt.,"Ltd. 3-6-439/A, Street No.5, Himayatnagar, Hyderabad- 502 305, Telangana","Shakthi Seeds Pvt. Ltd. 3-6-439/A, Street No.5, Himayatnagar, Hyderabad- 502 305, Telangana","M. C. Pally, Shameerpet Mandal, Ranga Reddy District, Telangana",31.03.2025
126,995.,TU/IV-RD/3714,Eldorado Agritech Pvt.,"Ltd. Plot No. A11 & A12/1, IDA Nacharam, Ranga Reddy District, Hyderabad - 500 076,(Telangana)","Eldorado Agritech Pvt. Ltd. Plot No. A11 & A12/1, IDA Nacharam, Ranga Reddy District, Hyderabad - 500 076,(Telangana)","Plot No. A11 & A12/1, IDA Nacharam,Medchal-MalkajgiriDistrict, Hyderabad, (Telangana)",31.03.2028
128,1006.,TU/IV-RD/3733,Palamur Biosciences Pvt.,"Ltd. “Aikya”, Flat 301 & 401, H. No. 10-3-32/9/23, 3rd & 4th Floor, East Maredpally-Tukaram Gate Road, Opp. To Faust High School, Secunderabad – 500 026,Telangana","Palamur Biosciences Pvt. Ltd. “Aikya”, Flat 301 & 401, H. No. 10-3-32/9/23, 3rd & 4th Floor, East Maredpally-Tukaram Gate Road, Opp. To Faust High School, Secunderabad – 500 026,Telangana","MaddigatlaVillage,BoothpurMandal, Mahabubnagar, Telangana",31.03.2025
128,1012.,TU/IV-RD/3744,Vrinda Technologies Pvt.,"Ltd. #2-22-261/2, 4th Floor, A.S. Raju Nagar, Kukatpally, Hyderabad –500 072, (Telangana)","Vrinda Technologies Pvt. Ltd. #2-22-261/2, 4th Floor, A.S. Raju Nagar, Kukatpally, Hyderabad –500 072, (Telangana)","#2-22-261/2, 4th Floor, A.S.RajuNagar,Kukatpally, Hyderabad, (Telangana)",31.03.2028
129,1019.,TU/IV-RD/3758,UnitedStates Pharmacopeia India Pvt.,"Ltd Plot No. D6 & D8, IKP Knowledge Park, GenomeValley, Shameerpet, Hyderabad - 500101, Telangana","UnitedStates Pharmacopeia India Pvt. Ltd Plot No. D6 & D8, IKP Knowledge Park, GenomeValley, Shameerpet, Hyderabad - 500101, Telangana","(i) Plot No. D6 & D8, IKP Knowledge Park, Genome Valley,Shameerpet, Hyderabad, Telangana, (ii) Survey No. 234/2, 234/3, 235/2, Lab Unit No. 201 to 205, 2nd Floor, SME Hub, (Catalyst), IKP Knowledge Park, Turkapally, Shamirpet(Telangana)",31.03.2026
130,1027.,TU/IV-RD/3775,Cohance Lifesciences Ltd.,"202, 2nd Floor, B Wing, Galaxy Towers, Opp. IKEA, Hyderabad Knowledge City, Raidurg, Hyderabad - 500 081, (Telangana)","Cohance Lifesciences Ltd. 202, 2nd Floor, B Wing, Galaxy Towers, Opp. IKEA, Hyderabad Knowledge City, Raidurg, Hyderabad - 500 081, (Telangana)","(i) 4th Floor, CDC Towers, Road No:5, Nacharam, Hyderabad, (Telangana) (ii) Plot No. 8 & 9B, 40, Ground & First Floor, Mirra Industrial Estate, IDA Phase-I,Patancheru, SangareddyDistrict Hyderabad, (Telangana) (iii) Plot No. 3102/B, GIDC,Ankleshwar,District, Bharuch, (Gujarat) (iv) Plot No. A-21, Road No. 18(formerly Road No. 10), IDA Nacharam, Hyderabad (Telangana)",31.03.2026
133,1047.,TU/IV-RD/3815,Spansules Pharmatech Pvt.,"Ltd. Plot No. 59, G-3, Sri Venkateswara Towers, Bhagyanagar Colony, Opp. KPHB, Kukatpally, Hyderabad -500 072 (Telangana)","Spansules Pharmatech Pvt. Ltd. Plot No. 59, G-3, Sri Venkateswara Towers, Bhagyanagar Colony, Opp. KPHB, Kukatpally, Hyderabad -500 072 (Telangana)","Sy. No. 143 & 144, MIG 56& 57, Dharma Reddy Colony,Hydernagar, Kukatpally, Hyderabad, (Telangana)",31.03.2028
133,1049.,TU/IV-RD/3820,Mylan Pharmaceuticals Pvt.,"Ltd. Plot No. 564/A/22, Road No. 92, Jubilee Hills, Hyderabad-500 096, Telangana","Mylan Pharmaceuticals Pvt. Ltd. Plot No. 564/A/22, Road No. 92, Jubilee Hills, Hyderabad-500 096, Telangana","Global Biologics R&D Centre, 2nd Floor, Building No. 450, MN Science & Technology Park, Genome Valley,Shameerpet Mandal, Turkapally Village, Medchal District,Hyderabad,Telangana",31.03.2025
133,1050.,TU/IV-RD/3821,Sapala Organics Pvt.,"Ltd. Plot Nos. 146B & 147, IDA Mallapur, Phase-II,Hyderabad-500076, Telangana","Sapala Organics Pvt. Ltd. Plot Nos. 146B & 147, IDA Mallapur, Phase-II,Hyderabad-500076, Telangana","Plot Nos. 146B & 147, IDA Mallapur,Phase-II, Hyderabad, Telangana",31.03.2026
136,1076.,TU/IV-RD/3872,Delta Agrigenetics Pvt.,"Ltd. Plot No. 99 & 100, Green Park Avenue, NH7 Road, Jeedimetla Village, Hyderabad - 500 067(Telangana)","Delta Agrigenetics Pvt. Ltd. Plot No. 99 & 100, Green Park Avenue, NH7 Road, Jeedimetla Village, Hyderabad - 500 067(Telangana)","Plot No. 99 & 100, Green Park Avenue, NH7 Road, JeedimetlaVillage, Hyderabad, (Telangana)",31.03.2027
136,1079.,TU/IV-RD/3880,Eesavyasa TechnologiesPvt.,"Ltd. Shed No.79, Phase III, SVCIE,Balanagar, Hyderabad-500037,Telangana","Eesavyasa TechnologiesPvt. Ltd. Shed No.79, Phase III, SVCIE,Balanagar, Hyderabad-500037,Telangana","Shed No. 79, Phase III, SVCIE,Balanagar, Hyderabad, Telangana",31.03.2026
137,1083.,TU/IV-RD/3897,ClearsynthLabsLtd.,"Shed No. 23, Survey NO.125 Part, Road No. 14, Phase-1,IDAMallapur, Medchal-Malkajgiri District, Hyderabad - 500076 (Telangana)","ClearsynthLabsLtd.Shed No. 23, Survey NO.125 Part, Road No. 14, Phase-1,IDAMallapur, Medchal-Malkajgiri District, Hyderabad - 500076 (Telangana)","Shed No. 23, Survey NO.125 Part, Road No. 14, Phase-1, IDA Mallapur, Medchal-Malkajgiri District, Hyderabad (Telangana)",31.03.2027
137,1086.,TU/IV-RD/3900,EugiaPharma Specialities Ltd.,"Galaxy Tower, Floors 22-24, Plot No. 1, Survey No. 83/1, Hyderabad Knowldege City, Raidurg Panmaktha, Ranga Reddy District, Hyderabad - 500 081,(Telangana)","EugiaPharma Specialities Ltd. Galaxy Tower, Floors 22-24, Plot No. 1, Survey No. 83/1, Hyderabad Knowldege City, Raidurg Panmaktha, Ranga Reddy District, Hyderabad - 500 081,(Telangana)","Eugia Pharma Research Centre, S. No. 550, 551,552, Kolthur (V), Shameerpet (M), Medchal-MalkajgiriDistrict, (Telangana)",31.03.2027
139,1095.,TU/IV-RD/3922,Hetero Labs Ltd.,"Hetero Corporate,7-2-A2 Industrial Estate, Sanath Nagar Hyderabad – 500 018, (Telangana)","Hetero Labs Ltd. Hetero Corporate,7-2-A2 Industrial Estate, Sanath Nagar Hyderabad – 500 018, (Telangana)","(i) Sy No. 119, 119/1,2,3,124 & 126 Nelladonda, Narasapuram Village Nakkapalli, Visakhapatnam (AP) (ii) 22-110, Industrial DevelopmentArea, Jeedimetla, Hyderabad, (Telangana) (iii) Plot No. 16, IndustrialEstate, Gandhinagar, Hyderabad, (Telangana)(iv) Formulation R&D, Plot No. 14, Sy No. 50, Phase III, IDAJeedimetla, Qutubullapur (M), Medchal Dist., Hyderabad and (v) Sy. No. 180/14 & 180/15,Kazipally, Jinnaram Mandal, SangareddyDistrict,(Telangana)",31.03.2027
139,1098.,TU/IV-RD/3930,Nucon Aerospace Pvt.,"Ltd. 1st Floor, Plot No. 708/709, Matrusri Nagar, Miyapur, Hyderabad –500 049, (Telangana)","Nucon Aerospace Pvt. Ltd. 1st Floor, Plot No. 708/709, Matrusri Nagar, Miyapur, Hyderabad –500 049, (Telangana)","1st Floor, Plot No. 708/709, Matrusri Nagar, Miyapur, Hyderabad (Telangana)",31.03.2027
140,1108.,TU/IV-RD/3952,GeneSys Biologics Pvt.,"Ltd. Plot No. 9A, Sy. No. 101, Biotech Park, PhaseII (Extn), Lalgadi Malakpet, Shamirpet, Ranga Reddy District -500 078, (Telangana)","GeneSys Biologics Pvt. Ltd. Plot No. 9A, Sy. No. 101, Biotech Park, PhaseII (Extn), Lalgadi Malakpet, Shamirpet, Ranga Reddy District -500 078, (Telangana)","Plot No. 9A, Sy. No.101, Biotech Park,Phase II (Extn), Lalgadi, Malakpet, Shamirpet, Ranga Reddy District (Telangana)",31.03.2027
142,1120.,TU/IV-RD/3979,Star Agrotech Pvt.,"Ltd. D-38, 2nd Floor, Bharani Complex, Minister Road, Secunderabad - 500 003Telangana.","Star Agrotech Pvt. Ltd. D-38, 2nd Floor, Bharani Complex, Minister Road, Secunderabad - 500 003Telangana.","Sy. No. 66/1 & 68/A, Dabilpur Village, Medchal Mandal, Medchal Dist. Telangana",31.03.2026
143,1127.,TU/IV-RD/3992,Sun Crop Sciences Pvt.,"Ltd.G3, SHR Apex, GangaEnclave Petbasheerabad, QuthbullapurMandal Hyderabad-500055(Telangana)","Sun Crop Sciences Pvt. Ltd.G3, SHR Apex, GangaEnclave Petbasheerabad, QuthbullapurMandal Hyderabad-500055(Telangana)","Muneerabad(Village), Medchal (Mandal), Medchal (District), Telangana",31.03.2028
144,1135.,TU/IV-RD/4004,Emnar Pharma Pvt.,"Ltd. Plot No. A-4, Industrial Estate, Sanath Nagar, Opp. Sanath Nagar Police Station, Hyderabad – 500018 (Telangana)","Emnar Pharma Pvt. Ltd. Plot No. A-4, Industrial Estate, Sanath Nagar, Opp. Sanath Nagar Police Station, Hyderabad – 500018 (Telangana)","Plot No. A-4, Industrial Estate, Sanath Nagar, Opp. Sanath Nagar Police Station,Hyderabad, (Telangana)",31.03.2028
147,1160.,TU/IV-RD/4061,Mahindra Agri Solutions Ltd.,"GMR Complex, 5-225/1/A, FirstFloor, Gundlapochampally, ManikaReddyColony, Kompally,Hyderabad–500 100 (Telangana)","Mahindra Agri Solutions Ltd. GMR Complex, 5-225/1/A, FirstFloor, Gundlapochampally, ManikaReddyColony, Kompally,Hyderabad–500 100 (Telangana)","#10-02/2, Asulampally Road, Mulugu (Village & Mandal), Medak District (Telangana)",31.03.2026
147,1161.,TU/IV-RD/4067,Optimus Pharma Pvt.,"Ltd. Sy. No. 37/A & 37/P, Plot No. 6P, 2nd Floor, SignatureTowers, Kothaguda, Kondapur, Hyderabad – 500 084(Telangana)","Optimus Pharma Pvt. Ltd. Sy. No. 37/A & 37/P, Plot No. 6P, 2nd Floor, SignatureTowers, Kothaguda, Kondapur, Hyderabad – 500 084(Telangana)","PlotNo.73/B,EPIP,Pashamylaram, SangareddyDistrict (Telanana)",31.03.2025
147,1163.,TU/IV-RD/4070,Vanamali Organics Pvt.,"Ltd. Plot No. 24A & 24B, TSIIC, Survey No. 480, IDAMankhal,Maheshwaram Mandal, Ranga Reddy District, Hyderabad – 501 359,(Telangana)","Vanamali Organics Pvt. Ltd. Plot No. 24A & 24B, TSIIC, Survey No. 480, IDAMankhal,Maheshwaram Mandal, Ranga Reddy District, Hyderabad – 501 359,(Telangana)","Plot No. 24A & 24B, TSIIC,Survey No. 480, IDA Mankhal, Maheshwaram Mandal, Ranga Reddy District,Hyderabad (Telangana)",31.03.2028
148,1172.,TU/IV-RD/4088,Cygni Energy Pvt.,"Ltd. Lansum House, Plot No. 283 Road No. 78, JubileeHills Hyderabad – 500 033 (Telangana)","Cygni Energy Pvt. Ltd. Lansum House, Plot No. 283 Road No. 78, JubileeHills Hyderabad – 500 033 (Telangana)","4th Floor, Lansum House, Plot No 283, Road No. 78, Jubilee Hills, Hyderabad, Telangana",31.03.2025
150,1190.,TU/IV-RD/4116,Tran-Scell Biologics Pvt.,"Ltd. 8th Floor, Western Pearl, Hitech City Road, Kondapur, Hyderabad-500 084Telangana","Tran-Scell Biologics Pvt. Ltd. 8th Floor, Western Pearl, Hitech City Road, Kondapur, Hyderabad-500 084Telangana","Plot No. 64, Road No. 05, ALEAPIndustrialEstate, PragathiNagarRoad, Gajularamaram, Hyderabad, Telangana",31.03.2025
151,1192.,TU/IV-RD/4121,Pioneer Hi-Bred Pvt.,"Ltd. V-Ascendas, Atria Block, 12th Floor, Plot No. 17, Software Unit Layout, Madhapur, Hyderabad –500 081, (Telangana)","Pioneer Hi-Bred Pvt. Ltd. V-Ascendas, Atria Block, 12th Floor, Plot No. 17, Software Unit Layout, Madhapur, Hyderabad –500 081, (Telangana)","Multi Crop Research Centre, Survey No. 383-385, Tunki Kalsa Village and Post, Wargal Mandal, Medak District, Hyderabad,(Telangana)",31.03.2028
151,1193.,TU/IV-RD/4124,East Coast Magnets Pvt.,"Ltd. 44/1/6, Phase – 1, I.D.A.,Jeedimetla,Hyderabad – 500 055, (Telangana)","East Coast Magnets Pvt. Ltd. 44/1/6, Phase – 1, I.D.A.,Jeedimetla,Hyderabad – 500 055, (Telangana)","44/1/6,Phase-1,I.D.A.,Jeedimetla,Hyderabad, (Telangana)",31.03.2028
152,1208.,TU/IV-RD/4142,NeuheitPharma Technologies Pvt.,"Ltd.P. No. 43 & 44, ALEAPIndustrial Estate, Behind PragathiNagar, Kukatpally, Hyderabad-500 072, Telangana","NeuheitPharma Technologies Pvt. Ltd.P. No. 43 & 44, ALEAPIndustrial Estate, Behind PragathiNagar, Kukatpally, Hyderabad-500 072, Telangana","P. No. 43 & 44 ALEAPIndustrial Estate, Behind Pragathi Nagar, Kukatpally, Hyderabad, Telangana",31.03.2025
155,1231.,TU/IV-RD/4185,"Sarvotham Care Ltd, 6-197/1, Jeedimetla (V), Quthbullapur(M), Hyderabad – 500 067,Telangana",,"Sarvotham Care Ltd, 6-197/1, Jeedimetla (V), Quthbullapur(M), Hyderabad – 500 067,Telangana","6-197/1, Jeedimetla (V), Quthbullapur(M), Hyderabad, Telangana",31.03.2026
157,1251.,TU/IV-RD/4221,Almelo Pvt.,"Ltd., Plot Nos. A-38 & 39, Road No. 7, IDA Kukatpally,Hyderabad – 500 037, Telangana","Almelo Pvt. Ltd., Plot Nos. A-38 & 39, Road No. 7, IDA Kukatpally,Hyderabad – 500 037, Telangana","Plot Nos. A-38 & 39, Road No.7, IDA Kukatpally, Hyderabad, Telangana",31.03.2026
157,1254.,TU/IV-RD/4224,BiophoreIndia Pharmaceuticals Pvt.,"Ltd. Plot No. 92,1-98/2/92, Kavuri Hills – Phase-II, Jubilee HillsHyderabad - 500 033, Telangana","BiophoreIndia Pharmaceuticals Pvt. Ltd. Plot No. 92,1-98/2/92, Kavuri Hills – Phase-II, Jubilee HillsHyderabad - 500 033, Telangana","Pot No 231, IDA Phase-II, Pashamylaram, Isnapur Village, Patancheru Mandal, Sanga Reddy, Medak, Telangana",31.03.2026
159,1265.,TU/IV-RD/4244,Simson Life Sciences Pvt.,"Ltd. Shed No. 6A, TSIIC, Type – IIIPrashanthNagar, Kukatpally Hyderabad –500 072 Telangana","Simson Life Sciences Pvt. Ltd. Shed No. 6A, TSIIC, Type – IIIPrashanthNagar, Kukatpally Hyderabad –500 072 Telangana","Formulation and Analytical R&D, I and IInd Floor, Shed No. 6A, Type – III, TSIIC,PrashanthNagar,IE, Kukatpally,Hyderabad,Telangana",31.03.2026
159,1272.,TU/IV-RD/4255,Trikona PharmaceuticalsPvt.,"Ltd.6 - B, Type – 1, Prashanthi Nagar TSIIC IndustrialEstate, Kukatpally Hyderabad –500 072 (Telangana)","Trikona PharmaceuticalsPvt. Ltd.6 - B, Type – 1, Prashanthi Nagar TSIIC IndustrialEstate, Kukatpally Hyderabad –500 072 (Telangana)","6-B, Type-1, Prashanthi Nagar,, TSIIC Industrial Estate,Kukatpally, Hyderabad, Telangana",31.03.2026
160,1277.,TU/IV-RD/4270,"Honour Lab Ltd, H.","No. 8-3-166/7/1, Erragadda Hyderabad – 500 018Telangana","Honour Lab Ltd, H. No. 8-3-166/7/1, Erragadda Hyderabad – 500 018Telangana","Sy. No. 219, Bonthapally Village,GummadidalaMandal,Sangareddy District, Telangana",31.03.2026
160,1282.,TU/IV-RD/4277,Aditya Agri Tech Pvt.,"Ltd. Flat No. 302, 3rd Floor Minerva Complex, SD Road, Secunderabad– 500 003 (Telangana)","Aditya Agri Tech Pvt. Ltd. Flat No. 302, 3rd Floor Minerva Complex, SD Road, Secunderabad– 500 003 (Telangana)","Sy.No.325,326,KodakandlaVillage,JagadevpurMandal, Siddipet Dist., (Telangana)",31.03.2026
160,1283.,TU/IV-RD/4279,Fertis India Pvt.,"Ltd. 6-3-668/10/56, Plot No 56 1st Floor, Durga Nagar Colony,Punjagutta, Hyderabad – 500 082Telangana","Fertis India Pvt. Ltd. 6-3-668/10/56, Plot No 56 1st Floor, Durga Nagar Colony,Punjagutta, Hyderabad – 500 082Telangana","Plot No. 79, IDA Phase II, Survey No. 3, Cherlapally, Hyderabad, Telangana",31.03.2026
161,1290.,TU/IV-RD/4296,ScieGen PharmaceuticalsIndia Pvt.,"Ltd. Plot No. 70 & 71, Ground Floor ALEAP IndustrialEstate, Pragathinagar Hyderabad– 500 090 Telangana","ScieGen PharmaceuticalsIndia Pvt. Ltd. Plot No. 70 & 71, Ground Floor ALEAP IndustrialEstate, Pragathinagar Hyderabad– 500 090 Telangana","Plot No. 70 & 71, Ground Floor, ALEAP Industrial Estate, Pragathinagar, Hyderabad, Telangana",31.03.2026
161,1292.,TU/IV-RD/4302,Sanzyme Biologics Pvt.,"Ltd. Plot No. 13, Sagar Society Road No. 2, Banjara Hills Hyderabad –500 034 (Telangana)","Sanzyme Biologics Pvt. Ltd. Plot No. 13, Sagar Society Road No. 2, Banjara Hills Hyderabad –500 034 (Telangana)","Unit I, Gagan Pahad, BangaloreRoad, Hyderabad, Telangana andPlot No. 19 to 22, Phase– III, Genome Valley,",31.03.2025
163,1303.,TU/IV-RD/4320,Crenza Pharmaceuticals Pvt.,"Ltd. A-27P, APIE,Balanagar, Hyderabad – 500 037, Telangana","Crenza Pharmaceuticals Pvt. Ltd. A-27P, APIE,Balanagar, Hyderabad – 500 037, Telangana","A-27P,APIE,Balanagar, Hyderabad, Telangana",31.03.2026
163,1310.,TU/IV-RD/4333,Ravi Hybrid Seeds Pvt.,"Ltd. H. No. 3-5-839/6, 2ndFloor, Flat No. 202, L.R. Plaza,Hyderguda, Hyderabad – 500 029,(Telangana)","Ravi Hybrid Seeds Pvt. Ltd. H. No. 3-5-839/6, 2ndFloor, Flat No. 202, L.R. Plaza,Hyderguda, Hyderabad – 500 029,(Telangana)","Survey No. 1619-1621,1634-1636 & 1638,Sujathanagar (Vill. & Mandal),Bhadradri Kothgudem(Dist.),(Telangana)",31.03.2027
164,1318.,TU/IV-RD/4341,Innovare Labs Pvt.,"Ltd. Plot No. 64, Road No. 5 ALEAP Industrial Estate Gajularamaram, Pragathi Nagar Hyderabad – 500090, Telangana","Innovare Labs Pvt. Ltd. Plot No. 64, Road No. 5 ALEAP Industrial Estate Gajularamaram, Pragathi Nagar Hyderabad – 500090, Telangana","Plot No. 64, Road No. 5, 1st & 3rd Floors, ALEAP IndustrialEstate, Gajularamaram, Pragathi Nagar,Hyderabad,Telangana",31.03.2026
165,1326.,TU/IV-RD/4357,"Laxai Life Sciences Private Limited Building 900, MN Park, Synergy Square I, Genome Valley, Turkapally, Shameerpet, Hyderabad - 500 078,(Telangana)",,"Laxai Life Sciences Private Limited Building 900, MN Park, Synergy Square I, Genome Valley, Turkapally, Shameerpet, Hyderabad - 500 078,(Telangana)","Building 900, MN Park, Synergy Square I, Genome Valley,Turkapally, Shameerpet, Hyderabad, (Telangana)",31.03.2027
167,1339.,TU/IV-RD/4382,Jisnu Communications Pvt.,"Ltd. 8-2-120/86/9/B, 2nd Floor Luxor Park, Road No. 2 Banjara Hills Hyderabad – 500 034(Telangana)","Jisnu Communications Pvt. Ltd. 8-2-120/86/9/B, 2nd Floor Luxor Park, Road No. 2 Banjara Hills Hyderabad – 500 034(Telangana)","8-2-120/86/9/B, 2nd Floor, Luxor Park, Road No. 2 Banjara Hills, Hyderabad, (Telangana)",31.03.2027
167,1344.,TU/IV-RD/4387,LokeshMachines Ltd.,"B-29,E.E.I.E.Stage-IIBalanagar Hyderabad –","LokeshMachines Ltd.B-29,E.E.I.E.Stage-IIBalanagar Hyderabad –","B - 25, E.E.I.E. Satge - II,Balanagar,Hyderabad (Telangana)",31.03.2027
169,1360.,TU/IV-RD/4409,Dhanvi Agri Genetics Pvt.,"Ltd. Plot No. 225/226, NCL North AvenueKompally, Quthubullapur (Mandal) Hyderabad – 500 100Telangana","Dhanvi Agri Genetics Pvt. Ltd. Plot No. 225/226, NCL North AvenueKompally, Quthubullapur (Mandal) Hyderabad – 500 100Telangana","Sy No. 85/A, 85/AA,Dabilpur (Village & Mandal) Malkajgiri - Medchal Dist., Telangana",31.03.2027
170,1367.,TU/IV-RD/4421,Jodas Expoim Pvt.,"Ltd. 3rd Floor, NSL Centrum, Plot No. S-1, Sy No. 1043 & 1048, KPHB Phase-3,Kukatpally, Hyderabad – 500 072, (Telangana)","Jodas Expoim Pvt. Ltd. 3rd Floor, NSL Centrum, Plot No. S-1, Sy No. 1043 & 1048, KPHB Phase-3,Kukatpally, Hyderabad – 500 072, (Telangana)","Plot No. 55 & 45, TSIIC,Biotech Park, Phase 3, Karkapatla,Markook Mandal, Siddipet Dist., (Telangana)",31.03.2027
170,1369.,TU/IV-RD/4427,Bio-Pharma LaboratoriesPvt.,"Ltd.104 B&C, Sri S.V. Co.,Op. Credit Society, IDA, Bollaram,Jinnaram(M),Sangareddy(DT),","Bio-Pharma LaboratoriesPvt.Ltd.104 B&C, Sri S.V. Co.,Op. Credit Society, IDA, Bollaram,Jinnaram(M),Sangareddy(DT),","Plot No. 104 B&C, Sri S.V. Co. Op. Credit Society, IDA, Bollaram, Jinnaram(M), Sangareddy(Dt), Hyderabad (Telangana)",31.03.2027
171,1370.,TU/IV-RD/4429,Ecoled ILLuminations Pvt.,"Ltd. Plot NO. 188/A, Phase-II,IDA, Cherlapally, Hyderabad –500 051, Telangana","Ecoled ILLuminations Pvt. Ltd. Plot NO. 188/A, Phase-II,IDA, Cherlapally, Hyderabad –500 051, Telangana","3rd Floor, Plot No. 188/A, Phase-II, IDA, Cherlapally, Hyderabad – 500 051, Telangana",31.03.2027
172,1382.,TU/IV-RD/4448,Shinex UQ Genetic Seeds Pvt.,"Ltd. Sy. No. 94, VSS Nandadeep Plots, Plot No. 302, 3rd Floor, Beside Suraksha Hospital, Pet Basheerbad, Hyderabad, Rangareddy– 500 055 (Telangana)","Shinex UQ Genetic Seeds Pvt. Ltd. Sy. No. 94, VSS Nandadeep Plots, Plot No. 302, 3rd Floor, Beside Suraksha Hospital, Pet Basheerbad, Hyderabad, Rangareddy– 500 055 (Telangana)","Sy. No. 94, VSSNandadeep Plots, Plot No. 303, 3rd Floor, Beside Suraksha Hospital, Pet Basheerbad, Rangareddy, Hyderabad (Telangana)",31.03.2027
173,1389.,TU/IV-RD/4458,Tierra Agrotech Ltd.,"(FormerlyTierra AgrotechPvt.Ltd.) 1stFloor,Sravana Complex,Kamalapuri Colony Lane, Next to LV PrasadHospital,Road No.2, BanjaraHills Hyderabad–500034Telangana","Tierra Agrotech Ltd. (FormerlyTierra AgrotechPvt.Ltd.) 1stFloor,Sravana Complex,Kamalapuri Colony Lane, Next to LV PrasadHospital,Road No.2, BanjaraHills Hyderabad–500034Telangana","(i) Survey No. 708, Dabilpur (V), Medchal Mandal,Hyderabad (Telangana) (ii) Survey No. 507, Village: Kondakal, MandalShankarpally, District Ranga Reddy, (Telangana)",31.03.2027
174,1395.,TU/IV-RD/4465,Hi-Yield Agri-Genetics Pvt.,"Ltd. #8-2-293/82/A/714 & 714/1, 3rd Floor, “Silver Square”, Road No. 36, Jubilee Hills, Hyderabad – 500033, (Telangana)","Hi-Yield Agri-Genetics Pvt. Ltd. #8-2-293/82/A/714 & 714/1, 3rd Floor, “Silver Square”, Road No. 36, Jubilee Hills, Hyderabad – 500033, (Telangana)","Sy. No. 782, 782/1,2,3 &779/A, Village: Nuthankal, Mandal-Medchal, Ranga Reddy Dist., (Telangana)",31.03.2028
174,1401.,TU/IV-RD/4479,Tripura Bio-Tech Ltd.,"1-5-1015,Vaishnavi Bhawan, Father Balaiah Nagar, Manjeera Colony,Old Alwal, Secunderabad, Telangana – 500 010","Tripura Bio-Tech Ltd. 1-5-1015,Vaishnavi Bhawan, Father Balaiah Nagar, Manjeera Colony,Old Alwal, Secunderabad, Telangana – 500 010","Sy.No.29A,Thallasingaram(Vill.), Choutuppal,Yadadri Bhongir, Telangana",31.03.2025
175,1409.,TU/IV-RD/4492,Invicta Agritech India Pvt.,"Ltd. 5-31, Flat No. 301, Agri Nivas,Mahalakshmi Layout,Dulaplly, Secunderabad – 500 100 (Telangana)","Invicta Agritech India Pvt. Ltd. 5-31, Flat No. 301, Agri Nivas,Mahalakshmi Layout,Dulaplly, Secunderabad – 500 100 (Telangana)","SurveyNo.931, Pullalacheruvu, Prakasam District, (Andhra Pradesh)",31.03.2028
176,1418.,TU/IV-RD/4503,Nucleome Informatics Pvt.,"Ltd. , 2nd Floor, 3 Cube Towers, 2-93/8&9, White Field Road, Hitech City, Hyderabad – 500081, (Telangana)","Nucleome Informatics Pvt. Ltd. , 2nd Floor, 3 Cube Towers, 2-93/8&9, White Field Road, Hitech City, Hyderabad – 500081, (Telangana)","2nd Floor, 3 Cube Towers, 2-93/8&9, White Field Road, Hitech City, Hyderabad (Telangana)",31.03.2027
177,1429.,TU/IV-RD/4520,Avantari Technologies Pvt.,"Ltd. Plot No. 185, Road No. 76, Jubilee Hills, Hyderabad – 500033, Telangana","Avantari Technologies Pvt. Ltd. Plot No. 185, Road No. 76, Jubilee Hills, Hyderabad – 500033, Telangana","Plot No. 185, Road No. 76, Jubilee Hills, Hyderabad (Telangana)",31.03.2025
178,1434.,TU/IV-RD/4525,RenewableEnergy Systems Ltd.,"Plot No. D-13, I.D.A Phase-V,Jeedimetla, Hyderabad – 500 055, (Telangana)","RenewableEnergy Systems Ltd. Plot No. D-13, I.D.A Phase-V,Jeedimetla, Hyderabad – 500 055, (Telangana)","Plot No. D-13, I.D.A, Phase-V, Jeedimetla, Hyderabad (Telangana)",31.03.2027
178,1436.,TU/IV-RD/4527,GOCL Corporation Ltd.,"IDL Road, Kukatpally, Hyderabad – 500 072,Telangana","GOCL Corporation Ltd. IDL Road, Kukatpally, Hyderabad – 500 072,Telangana","R&DDepartment, Energetics Division, IDL Road,Kukatpally,Hyderabad, Telangana",31.03.2025
179,1441.,TU/IV-RD/4533,Aodh Lifesciences Pvt.,"Ltd. 2nd Floor, 12-5-32/8, Vijayapuri,Tarnaka, Secunderabad – 500017(Telangana)","Aodh Lifesciences Pvt. Ltd. 2nd Floor, 12-5-32/8, Vijayapuri,Tarnaka, Secunderabad – 500017(Telangana)","2nd Floor, 12-5-32/8, Vijayapuri,Tarnaka, Secunderabad, Telangana",31.03.2028
179,1444.,TU/IV-RD/4536,Oncosimis Biotech Pvt.,"Ltd. LIG, Block 38, Flat 7, Beghlinghampalli,Hyderabad – 500044, (Telangana)","Oncosimis Biotech Pvt. Ltd. LIG, Block 38, Flat 7, Beghlinghampalli,Hyderabad – 500044, (Telangana)","Plot No. 3, Genpact Road, IDA Uppal, Habsiguda, Hyderabad (Telangana)",31.03.2028
181,1459.,TU/IV-RD/4563,Biofac Inputs Pvt.,"Ltd.S. No. 81-84, Plot No.74C, Anrich Industrial Estate, Bollaram Village, JinnaramMandal,Sangareddy District – 502 325, (Telangana)","Biofac Inputs Pvt. Ltd.S. No. 81-84, Plot No.74C, Anrich Industrial Estate, Bollaram Village, JinnaramMandal,Sangareddy District – 502 325, (Telangana)","S. No. 81-84, Plot No. 74C,Anrich Industrial Estate, Bollaram Village, Jinnaram Mandal,Sangareddy District (Telangana)",31.03.2028
182,1467.,TU/IV-RD/4574,My Seeds Pvt.,"Ltd. S. No. 88/A. A.A.E, 5th Floor, Flat No. – 513& 514, NCLGanga Plaza, Pet Basheerbad, Jeedimetla (Vill), Medchal District –500 067, Hyderabad, (Telangana)","My Seeds Pvt. Ltd. S. No. 88/A. A.A.E, 5th Floor, Flat No. – 513& 514, NCLGanga Plaza, Pet Basheerbad, Jeedimetla (Vill), Medchal District –500 067, Hyderabad, (Telangana)","Survey No. – 410/A/1, 410/3/1, 410/E, 410/E/3,414/1/4, 414/1/2, 414/A,410, Kanukunta (Vill), Gummadidala (Mandal), Medak (Dist) (Telangana)",31.03.2028
184,1483.,TU/IV-RD/4598,Max Agri-Genetics Pvt.,"Ltd. Flat # 402, Plot # 159, Road # 22, Sardar Patel Nagar, Hydernagar, Kukatpally,Medchal Malkajgiri – 500 085,(Telangana)","Max Agri-Genetics Pvt. Ltd. Flat # 402, Plot # 159, Road # 22, Sardar Patel Nagar, Hydernagar, Kukatpally,Medchal Malkajgiri – 500 085,(Telangana)","Survey No. 122, 138 & 139, Dulapally(V), Gandimaisamma, Dundigal (M),MedchalMalkajgiri Dist. (Telangana)",31.03.2028
184,1485.,TU/IV-RD/4600,Srikar Biotech Pvt.,"Ltd.Plot No.:A11 &A12/1, IDANacharam,Uppal, Medchal-Malkajgiri(Dt), Telangana - 500 076","Srikar Biotech Pvt. Ltd.Plot No.:A11 &A12/1, IDANacharam,Uppal, Medchal-Malkajgiri(Dt), Telangana - 500 076","(i) Plot No.:A11 &A12/1, IDA Nacharam, Uppal, Medchal-Malkajgiri (Dt), Telangana - 500 076 (ii) Keesara Dayara Village, Keesara to Shameerpet Road, Keesara Mandal, Medchal-Malkajgiri District(Telangana)",31.03.2026
186,1503.,TU/IV-RD/4628,SynergeneActive Ingredients Pvt.,"Ltd. Flat No. 402, Bhanu Enclave, Sunder Nagar, Erragadda, Hyderabad -500 038, Telangana","SynergeneActive Ingredients Pvt. Ltd. Flat No. 402, Bhanu Enclave, Sunder Nagar, Erragadda, Hyderabad -500 038, Telangana","Plot No. 48/B, Survey No. 337/P SVCIE, Bachupally Village, Bachupally Mandal, MedchalDistrict, Hyderabad",31.03.2026
188,1521.,TU/IV-RD/4651,Daewoong Pharmaceutical(India) Pvt.,"Ltd. Plot No. 5A, A.P.I.I.C., I.E., Parshanth Nagar,Kukatpally(V), Hyderabad,Kukatpally (M),Medchal-Malkajgiri (District)-500072,Telangana","Daewoong Pharmaceutical(India) Pvt. Ltd. Plot No. 5A, A.P.I.I.C., I.E., Parshanth Nagar,Kukatpally(V), Hyderabad,Kukatpally (M),Medchal-Malkajgiri (District)-500072,Telangana","Plot No. 5A, A.P.I.I.C., I.E.,ParshanthNagar, Kukatpally (V), Hyderabad, Kukatpally (M), Medchal-Malkajgiri(District), Telangana",31.03.2026
188,1522.,TU/IV-RD/4652,SMS Lifesciences India Ltd.,"Plot No. 19-III, Manikantha Towers, Opp.B.V.B.P.School,Road No.71,JubileeHills,Hyderabad - 500 096, (Telangana)","SMS Lifesciences India Ltd. Plot No. 19-III, Manikantha Towers, Opp.B.V.B.P.School,Road No.71,JubileeHills,Hyderabad - 500 096, (Telangana)","Plot No. C-23, Industrial Estate,Sanathnagar, Hyderabad, (Telangana)",31.03.2026
190,1534.,TU/IV-RD/4666,Hyygrow Crop Sciences Pvt.,"Ltd. H. No. 1-1-117/5/3/E, Bansilal Nagar Colony,Budvel, Rajendranagar, Ranga Reddy District - 500 030,Telangana","Hyygrow Crop Sciences Pvt. Ltd. H. No. 1-1-117/5/3/E, Bansilal Nagar Colony,Budvel, Rajendranagar, Ranga Reddy District - 500 030,Telangana","Sy. No. 36& 89, Chinna Shivnoor Village, Chegunta Mandal, Telangana",31.03.2026
190,1536.,TU/IV-RD/4668,Cropwell Seeds Pvt.,"Ltd. Plot No. 512, 3rd Floor, Gokul Plots, Near 9th Phase, KPHB Colony,Hyderabad - 500 072, Telangana","Cropwell Seeds Pvt. Ltd. Plot No. 512, 3rd Floor, Gokul Plots, Near 9th Phase, KPHB Colony,Hyderabad - 500 072, Telangana","Survey No. 77, 78, 79,80,96/1,Vampuguda (Village),Keesara (Mandal), MedchalDistrict, Hyderabad, Telangana",31.03.2026
190,1537.,TU/IV-RD/4669,Sahasra Crop Science Pvt.,"Ltd.H. No. 5-4-36/1,M.P.Residency,4th Floor,KamalaNagar, Opp. Sampurna Theatre, Vanasthalipuram, Hyderabad-500070,Telangana","Sahasra Crop Science Pvt. Ltd.H. No. 5-4-36/1,M.P.Residency,4th Floor,KamalaNagar, Opp. Sampurna Theatre, Vanasthalipuram, Hyderabad-500070,Telangana","D. No. 2-171/1/A, East Part, SurveyNo.247, Mangalapally, Rangareddy District, Telangana",31.03.2026
192,1552.,TU/IV-RD/4686,AET Laboratories Pvt.,"Ltd. Survey No. 42, Gaddapotharam Village, Kazipally Industrial Area, Sangareddy District - 502319, (Telangana)","AET Laboratories Pvt. Ltd. Survey No. 42, Gaddapotharam Village, Kazipally Industrial Area, Sangareddy District - 502319, (Telangana)","SurveyNo.42, Gaddapotharam Village, Kazipally Industrial Area, JinnaramMandal,SangareddyDistrict,(Telangana)",31.03.2027
192,1556.,TU/IV-RD/4690,TeamEngineers Advance Technologies India Pvt.,"Ltd. Plot No. A-1/2/A, Team Towers, Industrial Park, IDA Uppal, Hyderabad - 500039, Telangana","TeamEngineers Advance Technologies India Pvt. Ltd. Plot No. A-1/2/A, Team Towers, Industrial Park, IDA Uppal, Hyderabad - 500039, Telangana","Plot No. A-1/2/A, Team Towers, Industrial Park, IDA Uppal,Hyderabad, Telangana",31.03.2027
193,1558.,TU/IV-RD/4692,Aurigene Pharmaceutical Services Ltd.,"1-75/1, Sy. No.195&198/2/A,Madeenaguda Village, Serilingampally Mandal, Ranga Reddy District - 500 049 (Telangana)","Aurigene Pharmaceutical Services Ltd. 1-75/1, Sy. No.195&198/2/A,Madeenaguda Village, Serilingampally Mandal, Ranga Reddy District - 500 049 (Telangana)","1-75/1, Sy. No. 195 &198/2/A, Madeenaguda Village, Serilingampally Mandal, Ranga Reddy District (Telangana) (ii) Block C & D, 39-40, KIADBIndustrial Area, Electronic City Phase-II, Hosur Road, Bengaluru, (Karnataka)",31.03.2028
194,1568.,TU/IV-RD/4706,Eterna Crop Sciences Pvt.,"Ltd. Survey No. 26, Part Gundla Pochampally, Medchal,Hyderabad - 500 014, (Telangana)","Eterna Crop Sciences Pvt. Ltd. Survey No. 26, Part Gundla Pochampally, Medchal,Hyderabad - 500 014, (Telangana)","SurveyNo.228at KuchavaramVillage,ManoharabadMandal, Medak District, (Telangana)",31.03.2027
195,1581.,TU/IV-RD/4726,SSK Biosciences Pvt.,"Ltd.D. No.5-55/1,Phase-V (Extension), Dhoolapally Road, IDA-Jeedimetla, Hyderabad-500055, Telangana","SSK Biosciences Pvt. Ltd.D. No.5-55/1,Phase-V (Extension), Dhoolapally Road, IDA-Jeedimetla, Hyderabad-500055, Telangana","D. No.5-55/1, Phase-V (Extension), Dhoolapally Road, IDA -Jeedimetla, Hyderabad, Telangana",31.03.2027
196,1590.,TU/IV-RD/4737,FMC India Pvt.,"Ltd. MRL Building, DS-9, Survey Number 542/2, Turkapally, Shamirpet Mandal,Medchal-MalkajgiriDistrict,","FMC India Pvt. Ltd. MRL Building, DS-9, Survey Number 542/2, Turkapally, Shamirpet Mandal,Medchal-MalkajgiriDistrict,","India Innovation Centre, MRL Building, DS-9, Survey Number 542/2, Turkapally, ShamirpetMandal, Medchal-Malkajgiri District,Hyderabad, Telangana",31.03.2027
197,1594.,TU/IV-RD/4742,Promea Therapeutics Pvt.,"Ltd. Plot No. M4, Medical Device Park, Sultanpur (V), Ameenpur (M), Sangareddy (D), Hyderabad - 502 319(Telangana)","Promea Therapeutics Pvt. Ltd. Plot No. M4, Medical Device Park, Sultanpur (V), Ameenpur (M), Sangareddy (D), Hyderabad - 502 319(Telangana)","Plot No. M 4, Medical Device park, Sultanpur(V), Ameenpur(M)Sangareddy(D), Hyderabad, (Telangana)",31.03.2027
198,1600.,TU/IV-RD/4748,Botanic Healthcare Pvt.,"Ltd.Plot No.16/1/12&13,TSIICIDANacharam, Uppal, Medchal-MalkajgiriDistrict-500076 Telangana","Botanic Healthcare Pvt. Ltd.Plot No.16/1/12&13,TSIICIDANacharam, Uppal, Medchal-MalkajgiriDistrict-500076 Telangana","Plot No. 16/1/12 & 13, TSIIC IDA Nacharam, Uppal, Medchal-Malkajgiri District, Telangana",31.03.2027
198,1603.,TU/IV-RD/4752,Etico Lifesciences Pvt.,"Ltd., Plot No. 121 & 122, ALEAP Industrial Estate, PragathiNagar, Kukatpally, Hyderabad-500090, Telangana","Etico Lifesciences Pvt. Ltd., Plot No. 121 & 122, ALEAP Industrial Estate, PragathiNagar, Kukatpally, Hyderabad-500090, Telangana","121&122,ALEAPIndustrial Estate, Pragathi Nagar,Kukatpally, Hyderabad, Telangana",31.03.2026
198,1607.,TU/IV/RD/4761,Viruj Pharmaceuticals Pvt.,"Ltd.F-1, First Floor, Road No. 6, IDA Gandhinagar, Kukatpally, Hyderabad - 500 037Telangana","Viruj Pharmaceuticals Pvt.Ltd.F-1, First Floor, Road No. 6, IDA Gandhinagar, Kukatpally, Hyderabad - 500 037Telangana","F-1, First Floor, Road No. 6, IDAGandhinagar, Hyderabad, Telangana",31.03.2026
199,1610.,TU/IV/RD/4764,Corntech Seeds Pvt.,"Ltd.Plot No. 18, H.No. 8-63/1, NCLEnclave South, Medchal Road, National Highway-44 (Old 7), Secunderabad- 500 067 (Telangana)","Corntech Seeds Pvt. Ltd.Plot No. 18, H.No. 8-63/1, NCLEnclave South, Medchal Road, National Highway-44 (Old 7), Secunderabad- 500 067 (Telangana)","Sy. No. 124, 127/1 and 134,Railapur Village , Medchal Mandal, Medchal-Malkajgiri District, (Telangana)",31.03.2027
199,1615.,TU/IV/RD/4770,Vickro Biopharma Pvt.,"Ltd. Plot No. 7, Survey No. 451, H. No. 5-5-35/276/1, Shakitpuram, I.E,Kukatpally,Hyderabad - 500 072 (Telangana)","Vickro Biopharma Pvt. Ltd. Plot No. 7, Survey No. 451, H. No. 5-5-35/276/1, Shakitpuram, I.E,Kukatpally,Hyderabad - 500 072 (Telangana)","Plot No. 7, Survey No. 451,H. No. 5-5-35/276/1,Shaktipuram,I.E, Kukatpally, Hyderabad (Telangana)",31.03.2027
200,1618.,TU/IV/RD/4773,Harlal Seeds Pvt.,"Ltd. Plot No. 18, No. 8-63/1, NCL Enclave South, Medchal Road, NH-44 (Old 7) Secunderabad -500 067, (Telangana)","Harlal Seeds Pvt.Ltd. Plot No. 18, No. 8-63/1, NCL Enclave South, Medchal Road, NH-44 (Old 7) Secunderabad -500 067, (Telangana)","Barmajiguda Farm, Sy. No. 621/13 and 621/14,Dabilpur Village, Medchal, Medchal-MalkajgiriDistrict, (Telangana)",31.03.2027
201,1627.,TU/IV-RD/4789,Geenex Seeds India Pvt.,"Ltd., Sy. No. 58/1/E, Plot No. 20, 2nd Floor, Phase-II,Z.P.Road,IndraprasthaColony, Hastinapuram, Saroornagar, Rangareddy,Hyderabad- 500 079, (Telangana)","Geenex Seeds India Pvt. Ltd., Sy. No. 58/1/E, Plot No. 20, 2nd Floor, Phase-II,Z.P.Road,IndraprasthaColony, Hastinapuram, Saroornagar, Rangareddy,Hyderabad- 500 079, (Telangana)","Sy. No. 840, 841, 842, 845,847 / 2 & 848, Ravalkole (Village), Medchal (Mandal & District), Hyderabad, (Telangana)",31.03.2027
202,1635.,TU/IV-RD/4800,Mapmygenome India Ltd.,"Royal Demeure, HUDA Techno Enclave, Plot No. 12/2, Sector-1, Madhapur, Hyderabad -500081Telangana","Mapmygenome India Ltd. Royal Demeure, HUDA Techno Enclave, Plot No. 12/2, Sector-1, Madhapur, Hyderabad -500081Telangana","2nd Floor, Royal Demeure, HUDA Techno Enclave, Plot No. 12/2, Sector-1, Madhapur, Hyderabad, Telangana",31.03.2025
203,1642.,TU/IV-RD/4807,CoregenesSeed Research (I) Pvt.,"Ltd. #411 & 412, 4th Floor, Fairmount Square, Opp - Kompally Cine-Planet, Pet-Basheerabad (V), Quthbullapur(M), Medchal - Malkajgiri Dist.– 500 067 (Telangana)","CoregenesSeed Research (I) Pvt. Ltd. #411 & 412, 4th Floor, Fairmount Square, Opp - Kompally Cine-Planet, Pet-Basheerabad (V), Quthbullapur(M), Medchal - Malkajgiri Dist.– 500 067 (Telangana)","SurveyNo. 147Machayapalem (Village), Bellamkonda (Mandal), District Guntur, (Andra Pradesh)",31.03.2028
205,1657.,TU/IV-RD/4822,Vidgas Science & Technologies Pvt.,"Ltd. Plot No. 70 & 71, Road No. 7,ALEAPIndustrial Estate, Pragathi Nagar, Gajularamaram (V), Qutubullapur (M), Medchal-Malkajgiri (Dist.), Hyderabad - 500090Telangana","Vidgas Science & Technologies Pvt. Ltd. Plot No. 70 & 71, Road No. 7,ALEAPIndustrial Estate, Pragathi Nagar, Gajularamaram (V), Qutubullapur (M), Medchal-Malkajgiri (Dist.), Hyderabad - 500090Telangana","Plot No. 70 & 71, Road No. 7, ALEAP Industrial Estate, PragathiNagar, Gajularamaram Village, Qutubullapur (M), Medchal-Malkajgiri (Dist.), Hyderabad, Telangana",31.03.2025
207,1669.,TU/IV-RD/4834,Lucky Seeds Pvt.,"Ltd. #1008, Babukhan Estate, Basheerbagh, Hyderabad- 500 001, (Telangana)","Lucky Seeds Pvt. Ltd. #1008, Babukhan Estate, Basheerbagh, Hyderabad- 500 001, (Telangana)","Gut No. 128, 134, Village Nerlapalli,MandalBalanagar,DistrictMahabubnagar, (Telangana)",31.03.2028
208,1680.,TU/IV-RD/4845,Pharmajen Laboratories Pvt.,"Ltd. Lab No. 001-B, Block-A, TBI, BITS, Pilani, Hyderabad Campus, Jawahar Nagar, Kapra, Hyderabad - 500 078,(Telangana)","Pharmajen Laboratories Pvt. Ltd. Lab No. 001-B, Block-A, TBI, BITS, Pilani, Hyderabad Campus, Jawahar Nagar, Kapra, Hyderabad - 500 078,(Telangana)","Lab No. 001/B, Block-A, TBI, BITS, Pilani, HyderabadCampus, Jawahar Nagar, Kapra, Hyderabad, (Telangana)",31.03.2028
209,1686.,TU/IV-RD/4851,ClinSyncClinical Research Pvt.,"Ltd. JSR Mall, Plot No. 7 to 18, Survey No. 225, Opp. MythriNagar,Madinaguda, Hyderabad - 500 049, Telangana","ClinSyncClinical Research Pvt. Ltd. JSR Mall, Plot No. 7 to 18, Survey No. 225, Opp. MythriNagar,Madinaguda, Hyderabad - 500 049, Telangana","JSR Mall, Plot No. 7 to 18, Survey No. 225, Opp. Mythri Nagar, Madinaguda, Hyderabad, Telangana",31.03.2025
209,1688.,TU/IV-RD/4853,AdvantaEnterprises Ltd.,", #8-2-418, 3rd Floor, Krishnama House, Road No.7,BanjaraHills, Hyderabad-500034 (Telangana)","AdvantaEnterprises Ltd., #8-2-418, 3rd Floor, Krishnama House, Road No.7,BanjaraHills, Hyderabad-500034 (Telangana)","(i) Survey No. 315/316/324 , KallakalVillage, Manorabad Mandal, Medak Dist. (Telangana); (ii) Agricultural Resear h Station, Hydalu Village, MylanashalliPost,NelmangalaTaluk,BangaloreRural (Karnataka); (iii) Agricultural Research Station, Survey No. 562, At Post Dongargaon, Taluka-Haveli, Dist. Pune (Maharashtra);(iv) Agricultural Research Station, Near Sanskriti Bharti Vidyapeeth School, Kami Village, Sonipat (Haryana) (v) R&D Station Vegetable, SM GollahalliVillage, Aralumallige Post, DoddaballapurTaluk,",31.03.2026
210,1689.,TU/IV-RD/4854,PentagonRugged Systems (India) Pvt.,"Ltd. 5th Floor, #502, 11-5-397,SAFA Building, Red Hills, Hyderabad-500004,Telangana","PentagonRugged Systems (India) Pvt. Ltd. 5th Floor, #502, 11-5-397,SAFA Building, Red Hills, Hyderabad-500004,Telangana","5th Floor, #502, 11-5-397,SAFA Building, Red Hills, Hyderabad, Telangana",31.03.2025
211,1704.,TU/IV-RD/4869,UnivegSeedTechnologies Pvt.,"Ltd. #1401, Babukhan Estate, Basheerbagh, Hyderabad- 500 001, (Telangana)","UnivegSeedTechnologies Pvt. Ltd. #1401, Babukhan Estate, Basheerbagh, Hyderabad- 500 001, (Telangana)","Sy. Nos. 107, 108, 109,113, 114, 119, Potharam, Manoharabad Mandal, Medak District, (Telangana)",31.03.2028
212,1709.,TU/IV-RD/4874,Raghava Life Sciences Pvt.,"Ltd.#8-2-603/1/27,Krishnapuram Street, Road No- 10, Banjara Hills, Hyderabad - 500034, Telangana","Raghava Life Sciences Pvt.Ltd.#8-2-603/1/27,Krishnapuram Street, Road No- 10, Banjara Hills, Hyderabad - 500034, Telangana","Road No. 5, Plot No. 113 & 114, ALEAP Industrial Area, Gajularamaram, Hyderabad, Telangana",31.03.2025
213,1716.,TU/IV-RD/4881,Bycus Therapeutics Pvt.,"Ltd. Suite No. 13, Bio-Nest, School of Life Sciences, University of Hyderabad, Gachibowli, Hyderabad – 500046, (Telangana)","Bycus Therapeutics Pvt. Ltd. Suite No. 13, Bio-Nest, School of Life Sciences, University of Hyderabad, Gachibowli, Hyderabad – 500046, (Telangana)","Suite No. 9, 13, 23B & 23C Bio-Nest, Suit No. 35, 37,38&39TechnologyBusiness Incubator (TBI), 3rd Floor, School of Life Sciences, University of Hyderabad, Gachibowli, Hyderabad, RangareddyDistrict,(Telangana)",31.03.2028
213,1717.,TU/IV-RD/4882,Ushodaya Enterprises Pvt.,"Ltd. 3rd Floor, CorporateBuilding, Ramoji Film City, Anazpur Village, HayathnagarMandal, Rangareddy District - 501 512 (Telangana)","Ushodaya Enterprises Pvt. Ltd. 3rd Floor, CorporateBuilding, Ramoji Film City, Anazpur Village, HayathnagarMandal, Rangareddy District - 501 512 (Telangana)","Priya R&D Centre, Technical Building, Ramoji Film City, Sy. No. 290, Anajpur, Abdullapurmet Mandal,Rangareddy District, (Telangana)",31.03.2028
214,1728.,TU/IV-RD/4893,Dhruva Space Pvt.,"Ltd.702, 6-3-1192/1/1, Block-1, Begumpet, White House, Hyderabad - 500 016Telangana","Dhruva Space Pvt. Ltd.702, 6-3-1192/1/1, Block-1, Begumpet, White House, Hyderabad - 500 016Telangana","701, 702, 706, White House Building,Block-1, Begumpet, Hyderabad, Telangana",31.03.2025
215,1732.,TU/IV-RD/4897,SRC Laboratories Pvt.,"Ltd.Plot No. M66, M67, Medical Devices Park, IP Sultanpur, SultanpurVillage,AmeenpurMandal, Sangareddy District - 502319 (Telangana)","SRC Laboratories Pvt. Ltd.Plot No. M66, M67, Medical Devices Park, IP Sultanpur, SultanpurVillage,AmeenpurMandal, Sangareddy District - 502319 (Telangana)","Sy. No. 107, Plot Nos. 198 & 199, Raichur Growth Center,Raichur, (Karnataka)",31.03.2028
216,1747.,TU/IV-RD/4912,ShilpaPharma LifesciencesLtd.,"Shilpa House, # 12-6-214/A-1 Hyderabad Road, Raichur - 584 135(Karnataka)","ShilpaPharma LifesciencesLtd. Shilpa House, # 12-6-214/A-1 Hyderabad Road, Raichur - 584 135(Karnataka)","Plot No. 33, 33A & 40 to 47, Raichur Industrial Growth Centre, Wadloor Road, Chicksuguru,Raichur District, (Karnataka)",31.03.2028
217,1750.,TU/IV-RD/4915,Godavari Ganga Seeds Pvt.,"Ltd.Flat No. G-1, PlotNo. 24&25 SrinivasaArcade, Harshavardhan Colony, Bowenpally, Secunderabad - 500 011(Telangana)","Godavari Ganga Seeds Pvt. Ltd.Flat No. G-1, PlotNo. 24&25 SrinivasaArcade, Harshavardhan Colony, Bowenpally, Secunderabad - 500 011(Telangana)","SyNo.481/A,481/Aa,482/Aa1, Ankapur Village, ArmoorMandal,,NizamabadDistrict, Telangana",31.03.2026
218,1758.,TU/IV-RD/4924,Transgene Biotek Ltd.,"Plot No.69 & 70 , Anrich Industial Area, IDA Bollaram, Sangareddy District - 502 325(Telangana)","Transgene Biotek Ltd. Plot No.69 & 70 , Anrich Industial Area, IDA Bollaram, Sangareddy District - 502 325(Telangana)","Plot No. 69 & 70 , Anrich Industial Area, IDA Bollaram, Sangareddy District (Telangana)",31.03.2028
218,1762.,TU/IV-RD/4928,Ocimum Labs Pvt.,"Ltd. Plot No. SS-1, Phase -III, IDA Cherlapally, Medchal MalkajgiriDistrict, Hyderabad - 500 051,(Telangana)","Ocimum Labs Pvt. Ltd. Plot No. SS-1, Phase -III, IDA Cherlapally, Medchal MalkajgiriDistrict, Hyderabad - 500 051,(Telangana)","Plot No. SS-1, Phase - III, IDA Cherlapally, Medchal MalkajgiriDistrict, Hyderabad, (Telangana)",31.03.2028
219,1770.,TU/IV-RD/4936,Comprotech EngineeringPvt.,"Ltd. Sy No. 1/1, of Imarath Kancha Plot No. 38/B, HardwarePark, MahaswaramMandal, Raviryala Village, Ranga Reddy-500005Telangana","Comprotech EngineeringPvt.Ltd. Sy No. 1/1, of Imarath Kancha Plot No. 38/B, HardwarePark, MahaswaramMandal, Raviryala Village, Ranga Reddy-500005Telangana","Sy No. 1/1, of Imarath Kancha Plot No. 38/B, HardwarePark, MahaswaramMandal, Raviryala, Ranga Reddy, Telangana",31.03.2026
219,1771.,TU/IV-RD/4937,PeopleLinkUnified Communications Pvt.,"Ltd. 10th Floor, A3-Q3,Cyber Towers, Hi Tech City, Madhapur Hyderabad - 500 081(Telangana)","PeopleLinkUnified Communications Pvt. Ltd. 10th Floor, A3-Q3,Cyber Towers, Hi Tech City, Madhapur Hyderabad - 500 081(Telangana)","D. No. 2-99/3/2, Ground Floor, Mathuguda, Thatti Annaram, Bandlaguda, R.R. District,Hyderabad (Telangana)",31.03.2028
220,1778.,TU/IV-RD/4944,Biognosys Technologies India Pvt.,"Ltd. #8-148/174/11, Near ALEAPIndustrialArea, NRIColony, Pragathi Nagar,MedchalMalkajgiri,Hyderabad- 500 090 Telangana","Biognosys Technologies India Pvt. Ltd. #8-148/174/11, Near ALEAPIndustrialArea, NRIColony, Pragathi Nagar,MedchalMalkajgiri,Hyderabad- 500 090 Telangana","#8-148/174/11, 4th Floor, NRI Colony Near ALEAP Industrial Area, Pragathi Nagar, Medchal Malkajgiri, Hyderabad Telangana",31.03.2026
221,1784.,TU/IV-RD/4950,Godi India Pvt.,"Ltd.P No. 12(P), 13, 14(P),Hardware Park, Kancha Imarat Sy. No. 1/1, Road No. 2, Maheshwaram, Rangareddy, Hyderabad -500 005, (Telangana)","Godi India Pvt. Ltd.P No. 12(P), 13, 14(P),Hardware Park, Kancha Imarat Sy. No. 1/1, Road No. 2, Maheshwaram, Rangareddy, Hyderabad -500 005, (Telangana)","P No. 12(P), 13, 14(P),Hardware Park, Kancha Imarat Sy. No. 1/1, Road No. 2, Maheshwaram, Rangareddy, Hyderabad, (Telangana)",31.03.2028
221,1785.,TU/IV-RD/4951,HeteroBiopharma Limited.,"Hetero Corporate, 7-2-A2, Industrial Estate, SanathNagar,Hyderabad-500 018 Telangana","HeteroBiopharma Limited.Hetero Corporate, 7-2-A2, Industrial Estate, SanathNagar,Hyderabad-500 018 Telangana","Sy No 458 (part), TSIIC-Formulation SEZ Polepally (V), Jadcherla (M), Mahabubnagar(Dist) Telangana",31.03.2026
222,1789.,TU/IV-RD/4955,Simply Fresh Private Limited.,"1-10-39-44, Gumidelli Tower, 8A-2, 8th Floor, BegumpetRoad, Begumpet, Hyderabad-500 016 Telangana","Simply Fresh Private Limited.1-10-39-44, Gumidelli Tower, 8A-2, 8th Floor, BegumpetRoad, Begumpet, Hyderabad-500 016 Telangana","Sy No. 175/a, Arjunpatla, Maddur, Siddipet, PO - Cherial, Telangana",31.03.2026
223,1802.,TU/IV-RD/4968,Genomix Agri Genetics Pvt.,"Ltd. 513 B, 5th Floor, Minerva Complex, SD Road, Secunderabad -500 003, (Telangana)","Genomix Agri Genetics Pvt. Ltd. 513 B, 5th Floor, Minerva Complex, SD Road, Secunderabad -500 003, (Telangana)","Sy. No. 668 Part, 669 & 709Part, Pamulaparthy Village, Markook Mandal, Siddipet Dist., (Telangana)",31.03.2028
224,1813.,TU/IV-RD/4979,Royal Seeds Pvt.,"Ltd. Plot No. 7, Balaji Nagar, SaharaRoadMansoorabad,Hyderabad-500068, Telangana","Royal Seeds Pvt. Ltd. Plot No. 7, Balaji Nagar, SaharaRoadMansoorabad,Hyderabad-500068, Telangana","Sy.Nos.93/51,98/L, 99/L,119A/2, 127/U1, 135,136A/1/1/1, Pamanagundla Village,Kattanguru-Mandal, Nalgonda District, Telangana",31.03.2026
225,1815.,TU/IV-RD/4981,Sunrise Agritech Pvt.,"Ltd. Plot No. 94, Middle Part Ground floor, Phase-1, Aparna Palm Grove,Kompally, Hyderabad-500 014, (Telangana)","Sunrise Agritech Pvt. Ltd. Plot No. 94, Middle Part Ground floor, Phase-1, Aparna Palm Grove,Kompally, Hyderabad-500 014, (Telangana)","Sy Nos 270, 274, 275, 282,286, 446, 497, 502, 503,516,517,518,520,AtKsheersagarVillage,Mulugu(Mandal),Medak District, (Telangana)",31.03.2028
225,1816.,TU/IV-RD/4982,Telluris Biotech India Pvt.,"Ltd. Plot No. 4C, MN Science and Technology Biotech Park, Synergy Square-I Phase I, Genome Valley, Turkapally, Shamirpet -500 101, (Telangana)","Telluris Biotech India Pvt. Ltd. Plot No. 4C, MN Science and Technology Biotech Park, Synergy Square-I Phase I, Genome Valley, Turkapally, Shamirpet -500 101, (Telangana)","Plot No. 4C, MN Science and Technology Biotech Park, Synergy Square-I Phase I, Genome Valley, Turkapally, Shamirpet, (Telangana)",31.03.2026
225,1818.,TU/IV-RD/4984,Lee Pharma Ltd.,"Sy. No. 257 & 258/1, Door No. 11-6/56, C-Block, Opp. IDPL factory, MoosapetVillage,BalanagarPost, Hyderabad - 500 037,(Telangana)","Lee Pharma Ltd. Sy. No. 257 & 258/1, Door No. 11-6/56, C-Block, Opp. IDPL factory, MoosapetVillage,BalanagarPost, Hyderabad - 500 037,(Telangana)","Survey No: 30P, 31P, 32P,34P & 35P, Plot No. 22A & 22B, Denotified Area - APSEZ,Lalamkoduru Village, Rambilli Mandal, Anakapalli District, (Andhra Pradesh)",31.03.2026
226,1829.,TU/IV-RD/4996,Sapigen Biologix Pvt.,"Ltd. Vamsi Sadan, Plot No. 265/266, Kamalapuri Colony, Phase - II, Hyderabad - 500 073(Telangana)","Sapigen Biologix Pvt. Ltd. Vamsi Sadan, Plot No. 265/266, Kamalapuri Colony, Phase - II, Hyderabad - 500 073(Telangana)","Plot No. B1/24 and ITBT 1/7, Odisha Biotech Park, Daspur Road, Mouza, Andharua, Bhubaneshwar, (Odisha)",31.03.2026
227,1834.,TU/IV-RD/5001,Provis Biolabs Pvt.,"Ltd.No. 5-9-6-262/54P & 55P,First Floor, Prashanthi Nagar, Kukatpally Street, Hyderabad – 500 072(Telangana)","Provis Biolabs Pvt. Ltd.No. 5-9-6-262/54P & 55P,First Floor, Prashanthi Nagar, Kukatpally Street, Hyderabad – 500 072(Telangana)","No. 5-9-6-262/54P & 55P,First Floor, Prashanthi Nagar, Kukatpally Street, Hyderabad, (Telangana)",31.03.2027
227,1839.,TU/IV-RD/5006,Procell Biologics Pvt.,"Ltd. 2nd Floor, Building 189, MN Park, Synergy Square - 1, Genome Valley,Thurkapally Village Shamirpet Mandal, MedchalMalkajgiri,Hyderabad – 500 078 (Telangana)","Procell Biologics Pvt. Ltd. 2nd Floor, Building 189, MN Park, Synergy Square - 1, Genome Valley,Thurkapally Village Shamirpet Mandal, MedchalMalkajgiri,Hyderabad – 500 078 (Telangana)","2nd Floor, Building 189, MN Pak, Synergy Square -1, GenomeValley,ThurkapallyVillage Shamirpet Mandal, Medchal Malkajgiri, Hyderabad, (Telangana)",31.03.2026
228,1841.,TU/IV-RD/5008,Tianish Laboratories Pvt.,"Ltd., Ground Floor, 564/A/22, Road No. 22, Jubilee Hills, Hyderabad – 500 096 (Telangana)","Tianish Laboratories Pvt. Ltd., Ground Floor, 564/A/22, Road No. 22, Jubilee Hills, Hyderabad – 500 096 (Telangana)","(i)API R&D, Plot No. 34A (House No. 15-10/1) Sy. No. 81 & 84, Anrich Industrial Estate, Bollaram, Jinnaram Mandal, Nasarpur Taluk, Sangareddy Dist., Hyderabad, Telengana, (ii) API R&D, Sy. No. 10 & 42,Gaddapotharam, Village, Kazipally Industrial Area, JinnaramMandal, SangareddyDist.,(Telangana)",31.03.2026
228,1845.,TU/IV-RD/5012,Niruthi Climate & Ecosystem Pvt.,"Ltd. Unit No. 803, Level 8, Floor #7, Vasavi MPM Grand, Yella Reddy Guda, Hyderabad -500073 (Telangana)","Niruthi Climate & Ecosystem Pvt. Ltd. Unit No. 803, Level 8, Floor #7, Vasavi MPM Grand, Yella Reddy Guda, Hyderabad -500073 (Telangana)","Unit No. 803, Level 8, Floor #7, Vasavi MPM Grand, Yella Reddy Guda, Hyderabad (Telangana)",31.03.2027
229,1850.,TU/IV-RD/5017,Suraj Laboratories Pvt.,"Ltd. Plot No. 6/A 6/B, Masjid Banda, Kondapur, Hyderabad – 500 084(Telangana)","Suraj Laboratories Pvt. Ltd. Plot No. 6/A 6/B, Masjid Banda, Kondapur, Hyderabad – 500 084(Telangana)","Survey No. 60, Penjerla Road, Kothur (V&M), RangareddyDistrict, (Telangana)",31.03.2027
229,1854.,TU/IV-RD/5021,Aktinos Pharma Pvt.,"Ltd. 4th & 5th Floor, Sri Lakshmi Spaces, Plot No. 7, Kavuri Hills Phase 1Madhapur, Hyderabad - 500 033 (Telangana)","Aktinos Pharma Pvt. Ltd. 4th & 5th Floor, Sri Lakshmi Spaces, Plot No. 7, Kavuri Hills Phase 1Madhapur, Hyderabad - 500 033 (Telangana)","Plot No. 154/A/6, Survey No. 172/A, S.V. Co-operative Industrial Estate, IDA Bollaram, Jinnaram MandalSangareddy,(Telangana)",31.03.2027
230,1865.,TU/IV-RD/5032,Amogen Pharma Pvt.,"Ltd. Plot No. 7 & 8,Survey No. 3 to 6, Madhapur,Durgam Cheruvu Road, Ranga Reddy, Hyderabad - 500084 (Telangana)","Amogen Pharma Pvt. Ltd. Plot No. 7 & 8,Survey No. 3 to 6, Madhapur,Durgam Cheruvu Road, Ranga Reddy, Hyderabad - 500084 (Telangana)","PlotNo.125,ALEAPPragathi Nagar (Telangana)",31.03.2027
234,1893.,TU/IV-RD/5060,Seedking India Pvt.,"Ltd. Flat 102/2, 1st Floor, DSR Complex,MedchalHighwayKompally, Medchal Malkajgiri District- 500 100 (Telangana)","Seedking India Pvt. Ltd. Flat 102/2, 1st Floor, DSR Complex,MedchalHighwayKompally, Medchal Malkajgiri District- 500 100 (Telangana)","Survey No. 155, 156,158,140,141, 153/A & 162,Brahamanpalli Village, Toopran Mandal, Medak District, (Telangana)",31.03.2027
234,1899.,TU/IV-RD/5066,SriBioAestheticsPvt.,"Ltd.H.No.5-35-319,Floor-1,SaiBaba Colony, Kukatpally,Hyderabad–500072 (Telangana)","SriBioAestheticsPvt. Ltd.H.No.5-35-319,Floor-1,SaiBaba Colony, Kukatpally,Hyderabad–500072 (Telangana)","Plot No. G - 49, TSIIC,General Industrial Park, IDA Sultanpur,Ameenpur Mandal, Dist. Sangareddy, (Telangana)",31.03.2027
236,1910.,TU/IV-RD/5077,Novelgene Technologies Pvt.,"Ltd. F 201, Sairam Towers, Hafeezpet-500049Hyderabad, (Telangana)","Novelgene Technologies Pvt. Ltd. F 201, Sairam Towers, Hafeezpet-500049Hyderabad, (Telangana)","1106, B Block, Asian Sun City,Kothaguda, Hyderabad, (Telangana)",31.03.2027
237,1921.,TU/IV-RD/5088,Lee Fine Chem Pvt.,"Ltd. Plot No. 157, V V Nagar Colony,Kukatpally, Hyderabad - 500 072 (Telangana)","Lee Fine Chem Pvt. Ltd. Plot No. 157, V V Nagar Colony,Kukatpally, Hyderabad - 500 072 (Telangana)","Survey No. 79, Plot No. 24, Phase-IV, IDA Jeedimetla, Gajula Ramaram Village, QuthbullapurMandal, Medchal-Malkajgiri District,Hyderabad (Telangana)",31.03.2027
238,1926.,TU/IV-RD/5093,SatyarxPharma Innovations Pvt.,"Ltd. 3rd Floor Block B, CDC Towers, Plot No. 10/8, Road No. 5, Nacharam IndustrialArea,Hyderabad - 500 076 (Telangana)","SatyarxPharma Innovations Pvt. Ltd. 3rd Floor Block B, CDC Towers, Plot No. 10/8, Road No. 5, Nacharam IndustrialArea,Hyderabad - 500 076 (Telangana)","3rd Floor Block B, CDC Towers, Plot No. 10/8, Road No. 5, Nacharam Industrial Area, Hyderabad, (Telangana)",31.03.2027
238,1928.,TU/IV-RD/5095,Apitoria Pharma Pvt.,"Ltd.Galaxy, Floors: 22-24, Plot No.-1, Survey No. 11, Survey No. 83/1, Hyderabad Knowledge City, Raidurg Panmaktha, RR District, Hyderabad -500 032 (Telangana)","Apitoria Pharma Pvt. Ltd.Galaxy, Floors: 22-24, Plot No.-1, Survey No. 11, Survey No. 83/1, Hyderabad Knowledge City, Raidurg Panmaktha, RR District, Hyderabad -500 032 (Telangana)","Sy. No. 71 & 72, Indrakaran Village Kandi Mandal, SangareddyDistrict, (Telangana)",31.03.2027
240,1942.,TU/IV-RD/5109,Virupaksha Organics Ltd.,"Plot No. B1, B2, IDA, Gandhi Nagar, Kukatpally, Medchal-Malkajgiri, Hyderabad -500 037 (Telangana)","Virupaksha Organics Ltd. Plot No. B1, B2, IDA, Gandhi Nagar, Kukatpally, Medchal-Malkajgiri, Hyderabad -500 037 (Telangana)","PlotNo.B1,B2,IDA,Gandhi Nagar, Kukatpally, Medchal-Malkajgiri, Hyderabad, (Telangana)",31.03.2028
240,1944.,TU/IV-RD/5111,New Hope Seeds India Pvt.,"Ltd. Flat No.- 205, Agri Niwas, Kompally, Hyderabad - 500 014(Telangana)","New Hope Seeds India Pvt. Ltd. Flat No.- 205, Agri Niwas, Kompally, Hyderabad - 500 014(Telangana)","Survey No. 141/3, Village-BandaThimmarpur, Mandal-Gajwel,Dist. Siddipet, (Telangana)",31.03.2028
241,1950.,TU/IV-RD/5117,Lorven Biologics Pvt.,"Ltd. Sy. No. 165, North Block Milestone Building, MedchalRoad,Hyderabad - 501 401 (Telangana)","Lorven Biologics Pvt. Ltd. Sy. No. 165, North Block Milestone Building, MedchalRoad,Hyderabad - 501 401 (Telangana)","D. No. 8-120/A, Survey No. 629/B/AA, Devaryamazal (V), Hyderabad, Shamirpet Mandal, Medchal Malkajgiri District, (Telangana)",31.03.2028
242,1958.,TU/IV-RD/5125,Amtec Life Sciences Pvt.,"Ltd. Plot No. 156, Phase - 3, IDA Cherlapally,Uppal, Hyderabad - 500 051(Telangana)","Amtec Life Sciences Pvt. Ltd. Plot No. 156, Phase - 3, IDA Cherlapally,Uppal, Hyderabad - 500 051(Telangana)","Lab No. - W201/3, 1st Floor, Neovantage Part, Building No.- 3600, Synergy Square- 3, Lalgadi Malakpet (V), Shameerpet (M),Hyderabad, (Telangana)",31.03.2028
242,1962.,TU/IV-RD/5129,SonamSeedTechnologies Pvt.,"Ltd. Flat No. A1, Plot No. 81, Silver Oak Residency, Gaffoornagar, Madhapur, Hyderabad - 500 081(Telangana)","SonamSeedTechnologies Pvt. Ltd. Flat No. A1, Plot No. 81, Silver Oak Residency, Gaffoornagar, Madhapur, Hyderabad - 500 081(Telangana)","Survey No. 288, 259 & 332, Village - Mokila, Mandal - Shankarpalli,District-Rangareddy, (Telangana)",31.03.2028
243,1970.,TU/IV-RD/5137,Rygen Biopharma Pvt.,"Ltd.H.No.1-26/3/A/4F/NR, 4th Floor, SS Towers, Gachibowli, Hyderabad – 500 032(Telangana)","Rygen Biopharma Pvt. Ltd.H.No.1-26/3/A/4F/NR, 4th Floor, SS Towers, Gachibowli, Hyderabad – 500 032(Telangana)","Neovantage (MN Park) Building 450, 2nd Floor, GenomeValley, Shameerpet, Turkapally, Hyderabad, (Telangana)",31.03.2028
244,1977.,TU/IV-RD/5144,UrbanKisaan Farms Pvt.,"Ltd. Plot No. 88, Ground Floor,ApparelExport Park, Gundlapochampally, Medchal,Hyderabad–501 401 (Telangana)","UrbanKisaan Farms Pvt. Ltd. Plot No. 88, Ground Floor,ApparelExport Park, Gundlapochampally, Medchal,Hyderabad–501 401 (Telangana)","Plot No. 88, Ground Floor, ApparelExportPark, Gundlapochampally, Medchal,Hyderabad, (Telangana)",31.03.2028
