company_name,company_address,recognition_number,valid_upto,official_website,is_valid_company,E1,E1_reason,E2,E2_reason,verification_note,source_or_evidence
Electronics Corporation of India Ltd.,"ECIL Post, Hyderabad -500 062,(Telangana)",TU/IV-RD/53,31.03.2027,ecil.co.in,Yes,Yes,Manufactures proprietary electronic and defense products.,Yes,HQ is located in Hyderabad India.,Active Public Sector Undertaking,Government/Public Records
Elico Ltd.,"B-90, APIE, Sanath Nagar, Hyderabad-500 018 (Telangana)",TU/IV-RD/104,31.03.2027,elico.co,Yes,Yes,Manufactures analytical instruments.,Yes,Primary operations in Hyderabad India.,Active business entity,Corporate Registry
Biological E Ltd.,"18/1 & 3, Azamabad Hyderabad-500 020 Telangana",TU/IV-RD/315,31.03.2026,biologicale.com,Yes,Yes,Manufactures vaccines and biological products in-house.,Yes,HQ is located in Hyderabad India.,Active and prominent pharmaceutical company,Corporate Registry
Bharat DynamicsLtd.,"Kanchanbagh, Hyderabad-500 058 Telangana",TU/IV-RD/386,31.03.2026,bdl-india.in,Yes,Yes,Produces missile systems and defense equipment.,Yes,HQ is located in Hyderabad India.,Active Public Sector Undertaking,Government/Public Records
NMDC Ltd.,"10-3-311/A,KhanijBhavan,Castle Hills,MasabTank,Hyderabad-500028",TU/IV-RD/408,31.03.2028,nmdc.co.in,Yes,Yes,Engaged in the mining and production of iron ore.,Yes,HQ is located in Hyderabad India.,Active Public Sector Undertaking,Government/Public Records
HILLtd.,"Office NO. 1 & 2, L7 Floor, SLN Terminus, Survey no. 133, Near BotanicalGarden, Gachibowli, Hyderabad-500 032, Telangana",TU/IV-RD/750,31.03.2027,hil.in,Yes,Yes,Manufactures building materials and related products.,Yes,HQ is located in Hyderabad India.,Active (Formerly Hyderabad Industries Limited),Corporate Registry
Sanzyme Pvt.,"Ltd. Plot 2nd Floor, Sattava Signature Tower, #8-2-472/1/A/B/SF-3, Road No.1, Banjara Hills Hyderabad – 500 034(Telangana)",TU/IV-RD/1281,31.03.2028,sanzyme.com,Yes,Yes,Manufactures probiotics and pharmaceutical products in-house.,Yes,HQ is located in Hyderabad India.,Active pharmaceutical/biotech company,Corporate Registry
LamcoIndustriesPvt.,"Ltd. B-39&B-40,IndustrialEstate, Sanathnagar, Hyderabad-500 018 (Telangana)",TU/IV-RD/1369,31.03.2027,lamcoindia.com,Yes,Yes,Manufactures electrical products like lightning arresters.,Yes,Operations are located in Hyderabad India.,Active manufacturing company,Corporate Registry
Neuland Laboratories Ltd.,"11th Floor (5th Level), Phoenix IVY Building, Plot No. 573A-III, Road No. 82, Jubilee Hills, Hyderabad-500033 (Telangana)",TU/IV-RD/1669,31.03.2028,neulandlabs.com,Yes,Yes,Independent API manufacturer with strong proprietary R&D.,Yes,HQ is located in Hyderabad India.,Active API manufacturing company,Corporate Registry / BSE Listing
Divi's Laboratories Ltd.,"1-72/23 (P)/DIVIS/303,DiviTowers,Cyber Hills,Gachibowli,Hyderaba d,Telangana-500 032",TU/IV-RD/1679,31.03.2027,divislabs.com,Yes,Yes,Major independent manufacturer of active pharmaceutical ingredients.,Yes,HQ is located in Hyderabad India.,Active pharmaceutical company,Corporate Registry / BSE Listing
Mikroflo Filters Pvt.,"Ltd.H. No. 16-11-511/D/399,ShalivahanaNagar, Moosarambagh, Hyderabad-500036,(Telangana)",TU/IV-RD/1728,31.03.2028,mikroflo.com,Yes,Yes,Manufactures industrial filters and filtration systems.,Yes,Operations are located in Hyderabad India.,Active industrial manufacturing company,Corporate Registry
Premier Explosives Ltd.,"Premier House,#11, Ishaq Colony, (Near AOCCentre) Secunderabad - 500 015,Telangana",TU/IV-RD/1759,31.03.2025,pelgel.com,Yes,Yes,Manufactures specialized explosives and solid propellants.,Yes,HQ is located in Secunderabad India.,Active defense/explosives manufacturer,Corporate Registry / BSE Listing
Ganga Kaveri Seeds Pvt.,"Ltd. 1406, 14th floor, Babukhan Estate,Bashir Bagh, Hyderabad-500 001, Telangana.",TU/IV-RD/1811,31.03.2027,gangakaveri.in,Yes,Yes,Produces proprietary agricultural seeds through in-house R&D.,Yes,Operations are located in Hyderabad India.,Active agricultural seeds company,Corporate Registry
SriKrishnaPharmaceuticals Ltd.,"C-4, Industrial Area, Uppal Hyderabad -500039, Telangana",TU/IV-RD/1840,31.03.2027,srikrishnapharma.com,Yes,Yes,Generic pharma with clear independent in-house API manufacturing.,Yes,Operations are located in Hyderabad India.,Active pharmaceutical company,Corporate Registry
Linkwell Telesystems(P) Ltd.,"1-11-252/1B,Behind Shopper’s Stop, Begumpet, Hyderabad - 500 016, (Telangana)",TU/IV-RD/1853,31.03.2028,visiontek.co.in,Yes,Yes,Manufactures telecom and networking hardware devices.,Yes,HQ is located in Hyderabad India.,Active telecom/hardware company (Operates as Visiontek),Corporate Registry
Hetero Drugs Ltd.,"7-2-A2, Hetero Corporate, Industrial Estate, Sanath Nagar, Hyderabad -500018, (Telangana)",TU/IV-RD/1895,31.03.2028,hetero.com,Yes,Yes,Generic pharma but possesses massive independent in-house manufacturing capabilities.,Yes,HQ is located in Hyderabad India.,Active pharmaceutical company,Corporate Registry
SOMPhytopharma (India) Ltd.,"RADOSOM, Plot No. 154/A5, S.V. Co-operativeIndustrial Estate, IDA Bollaram.-502 325, Sangareddy Dist, (Telangana)",TU/IV-RD/1946,31.03.2027,somphytopharma.com,Yes,Yes,Manufactures phytochemical and biotech products in-house.,Yes,Operations are located in Sangareddy Telangana India.,Active biotech/pharma company,Corporate Registry
BharatBio-tech International Ltd.,"Sy. No. 230, 231, & 235,GenomeValley,TurkapallyVillageShameerpet Mandal, Ranga Reddy Distt., Hyderabad-500078,(Telangana)",TU/IV-RD/1993,31.03.2028,bharatbiotech.com,Yes,Yes,Develops and manufactures proprietary vaccines and bio-therapeutics.,Yes,HQ is located in Hyderabad India.,Active vaccine and biotech company,Corporate Registry
Zen Technologies Ltd.,"B-42, Indl. Estate, Sanath Nagar, Hyderabad 500018, Telangana",TU/IV-RD/2043,31.03.2026,zentechnologies.com,Yes,Yes,Designs and manufactures proprietary defense training simulators.,Yes,HQ is located in Hyderabad India.,Active defense training solutions company,Corporate Registry / BSE Listing
NACLIndustriesLtd.,"Plot No 12-A, C-Block, Lakshmi Towers, No. 8-2-248/1/7/78,Nagarjuna Hills,Punjagutta, Hyderabad-500082, (Telangana)",TU/IV-RD/2094,31.03.2028,naclind.com,Yes,Yes,Manufactures agrochemicals and crop protection products in-house.,Yes,HQ is located in Hyderabad India.,Active agrochemical company,Corporate Registry / BSE Listing
JK Agri Genetics Ltd.,"1-10-177, 4th Floor, Varun Towers, Begumpet Hyderabad - 500 016, (Telangana)",TU/IV-RD/2443,31.03.2026,jkseeds.net,Yes,Yes,Develops and produces proprietary agricultural seeds in-house.,Yes,HQ is located in Hyderabad India.,Active agricultural seeds company,Corporate Registry / BSE Listing
Nichino India Pvt.,"Ltd.A-24/25,A.P.I.E.,Balanagar Hyderabad –500 037, (Telangana)",TU/IV-RD/2447,31.03.2028,nichinoindia.com,Yes,Yes,Manufactures agrochemicals with clear in-house manufacturing capabilities.,Yes,Operations are located in Hyderabad India.,Active agrochemical company,Corporate Registry
Medha Servo Drives Pvt.,"Ltd. 2-3-2/A, Behind Mint Compound, Cherlapally, R R Dist. Hyderabad-500 051,(Telangana)",TU/IV-RD/2472,31.03.2028,medha.com,Yes,Yes,Designs and manufactures proprietary railway technology and electronics.,Yes,HQ is located in Hyderabad India.,Active railway technology and electronics company,Corporate Registry
SMS Pharmaceuticals Ltd.,"Plot No. 72, H. No. 8-2-334/3&4, Road No. 5,Opp. SBI Executive Enclave, Banjara Hills, Hyderabad - 500 034,(Telangana)",TU/IV-RD/2477,31.03.2028,smspharma.com,Yes,Yes,Independent manufacturer of active pharmaceutical ingredients.,Yes,HQ is located in Hyderabad India.,Active pharmaceutical company,Corporate Registry / BSE Listing
Bhagiradha Chemicals & Industries Ltd.,"Plot No. 3, Sagar Society, Road No.2, Banjara Hills, Hyderabad - 500 034(Telangana)",TU/IV-RD/2515,31.03.2026,bhagirad.com,Yes,Yes,Manufactures high-quality agrochemicals through in-house production.,Yes,HQ is located in Hyderabad India.,Active agrochemical company,Corporate Registry / BSE Listing
Nosch Labs Pvt.,"Ltd. Flat No.404 to 406, 'Vijay SaiTowers'Opp. BJP Office, Kukatpally,Hyderabad- 500 072, Telangana",TU/IV-RD/2566,31.03.2026,noschlabs.net,Yes,Yes,Independent manufacturer of active pharmaceutical ingredients.,Yes,HQ is located in Hyderabad India.,Active pharmaceutical company,Corporate Registry
Unique Biotech Ltd.,"Plot No. 2, Phase-II, M N Park,Kolthur,Shameerpet Mandal, Medchal-Malkajgiri Dist.Hyderabad-500 101, Telangana",TU/IV-RD/2572,31.03.2027,uniquebiotech.com,Yes,Yes,Manufactures proprietary probiotic strains and products in-house.,Yes,Operations are located in Hyderabad India.,Active biotechnology (probiotics) company,Corporate Registry
KN Biosciences (India) Pvt.,"Ltd. Plot No. 28, UshodayaEnclave, Madinaguda, Miyapur, Hyderabad-500 050, Telangana",TU/IV-RD/2644,31.03.2026,knbiosciences.in,Yes,Yes,Develops and manufactures proprietary bio-fertilizers and bio-pesticides.,Yes,Operations are located in Hyderabad India.,Active biotechnology and agriculture company,Corporate Registry
Relisys Medical Devices Ltd.,"Survey No. 312, PocharamRoad,Mangalapally Village, Ibrahimpatnam Mandal, Rangareddy - 501 510,(Telangana)",TU/IV-RD/2741,31.03.2027,relisys.in,Yes,Yes,Manufactures proprietary medical devices and stents in-house.,Yes,Operations are located in Hyderabad India.,Active medical devices manufacturer,Corporate Registry
Fleming Laboratories Ltd.,"Plot No. 131, Ground Floor, Green Park Avenue, Behind Hotel Surabhi Pride (Near SuchitraJunction), Jeedimetla, Hyderabad-500 067 (Telangana)",TU/IV-RD/2769,31.03.2027,fleminglabs.com,Yes,Yes,Independent manufacturer of active pharmaceutical ingredients.,Yes,Operations are located in Hyderabad India.,Active pharmaceutical company,Corporate Registry
Vasant Chemicals Pvt.,"Ltd. 4th Floor, Vasant Towers,Begumpet, Hyderabad - 500 016,Telangana",TU/IV-RD/2805,31.03.2026,vasantchemicals.com,Yes,Yes,Manufactures proprietary specialty chemicals in-house.,Yes,HQ is located in Hyderabad India.,Active specialty chemicals manufacturing company,Corporate Registry
MSN Laboratories Pvt.,"Ltd. MSN House, Plot No. C-24, Sanath Nagar, Industrial Estate, Sanath Nagar, Hyderabad – 500 018 (Telangana)",TU/IV-RD/2903,31.03.2027,msnlabs.com,Yes,Yes,Independent manufacturer of active pharmaceutical ingredients and formulations.,Yes,HQ is located in Hyderabad India.,Active pharmaceutical company,Corporate Registry
Kurnool Seeds (P) Ltd.,"#1-5-1055/87/55,N/RHMTColony,Jonnabanda,Alwal, GHMC Circle Malkajgiri,Hyderabad-500010 (Telangana)",TU/IV-RD/3461,31.03.2027,kurnoolseeds.in,Yes,Yes,Develops and produces proprietary agricultural seeds in-house.,Yes,Operations are located in Hyderabad India.,Active agricultural seeds company,Corporate Registry
AG Bio Systems Pvt.,"Ltd. Plot No. 35 E, IDA Phase V, Cheralapally,Hyderabad, Telangana-500 051.",TU/IV-RD/3463,31.03.2027,agbiosystems.com,Yes,Yes,Develops and produces proprietary agricultural biotech products in-house.,Yes,Operations are located in Hyderabad India.,Active agricultural biotechnology company,Corporate Registry
Varsha Bioscience and Technology India Pvt.,"Ltd. Floor 3, No: 17-1-383/36/2, 2nd Main Road, Vinaynagar, Saidabad, Hyderabad-500 059,Telangana",TU/IV-RD/3602,31.03.2026,varshabioscience.com,Yes,Yes,Manufactures proprietary agricultural biotechnology products in-house.,Yes,Operations are located in Hyderabad India.,Active agricultural biotechnology company,Corporate Registry
Metrochem API Pvt.,"Ltd. Flat No. 302, Bhanu Enclave, Sunder Nagar, Erragadda, Hyderabad-500 038, (Telangana)",TU/IV-RD/3646,31.03.2028,metroapi.com,Yes,Yes,Independent manufacturer of active pharmaceutical ingredients in-house.,Yes,Operations are located in Hyderabad India.,Active pharmaceutical API company,Corporate Registry
Trimurti Plant Sciences Pvt.,"Ltd.101,MGREstates,DwarakapuriColony,Punjagutta,Hyderabad-500082, (Telangana)",TU/IV-RD/3675,31.03.2027,trimurtiseeds.com,Yes,Yes,Develops and produces proprietary agricultural seeds in-house.,Yes,Operations are located in Hyderabad India.,Active agricultural plant sciences company,Corporate Registry
Alphamed Formulations Pvt.,"Ltd. Survey No. 225, Sampanbole Village, Shamirpet Mandal, RangaReddy District - 500 078,Telangana",TU/IV-RD/3686,31.03.2025,alphamed.in,Yes,Yes,Independent manufacturer of specialized pharmaceutical formulations.,Yes,Operations are located in Hyderabad India.,Active pharmaceutical formulations company,Corporate Registry
Eldorado Agritech Pvt.,"Ltd. Plot No. A11 & A12/1, IDA Nacharam, Ranga Reddy District, Hyderabad - 500 076,(Telangana)",TU/IV-RD/3714,31.03.2028,eldoradoagritech.com,Yes,Yes,Develops and produces agricultural biotechnology products in-house.,Yes,Operations are located in Hyderabad India.,Active agricultural biotechnology company,Corporate Registry
Spansules Pharmatech Pvt.,"Ltd. Plot No. 59, G-3, Sri Venkateswara Towers, Bhagyanagar Colony, Opp. KPHB, Kukatpally, Hyderabad -500 072 (Telangana)",TU/IV-RD/3815,31.03.2028,spansules.com,Yes,Yes,Independent manufacturer of specialized pharmaceutical formulations and pellets.,Yes,Operations are located in Hyderabad India.,Active pharmaceutical formulation company,Corporate Registry
Eesavyasa TechnologiesPvt.,"Ltd. Shed No.79, Phase III, SVCIE,Balanagar, Hyderabad-500037,Telangana",TU/IV-RD/3880,31.03.2026,eesavyasa.com,Yes,Yes,Develops and manufactures proprietary engineering and technology products.,Yes,Operations are located in Hyderabad India.,Active R&D and engineering company,Corporate Registry
ClearsynthLabsLtd.,"Shed No. 23, Survey NO.125 Part, Road No. 14, Phase-1,IDAMallapur, Medchal-Malkajgiri District, Hyderabad - 500076 (Telangana)",TU/IV-RD/3897,31.03.2027,clearsynth.com,Yes,Yes,Manufactures proprietary chemical reference standards and related catalog products.,Yes,Operations are located in Hyderabad India.,Active chemical reference standards company,Corporate Registry
Hetero Labs Ltd.,"Hetero Corporate,7-2-A2 Industrial Estate, Sanath Nagar Hyderabad – 500 018, (Telangana)",TU/IV-RD/3922,31.03.2027,hetero.com,Yes,Yes,Generic pharma with massive independent in-house manufacturing and R&D capabilities.,Yes,HQ is located in Hyderabad India.,Active global pharmaceutical company,Corporate Registry
Nucon Aerospace Pvt.,"Ltd. 1st Floor, Plot No. 708/709, Matrusri Nagar, Miyapur, Hyderabad –500 049, (Telangana)",TU/IV-RD/3930,31.03.2027,nuconaerospace.com,Yes,Yes,Designs and manufactures proprietary aerospace and defense systems in-house.,Yes,Operations are located in Hyderabad India.,Active aerospace and defense systems company,Corporate Registry
Sanzyme Biologics Pvt.,"Ltd. Plot No. 13, Sagar Society Road No. 2, Banjara Hills Hyderabad –500 034 (Telangana)",TU/IV-RD/4302,31.03.2025,sanzymebiologics.com,Yes,Yes,Manufactures proprietary probiotics and biotechnology products in-house.,Yes,HQ is located in Hyderabad India.,Active biotechnology company,Corporate Registry
Crenza Pharmaceuticals Pvt.,"Ltd. A-27P, APIE,Balanagar, Hyderabad – 500 037, Telangana",TU/IV-RD/4320,31.03.2026,crenzapharma.com,Yes,Yes,Independent manufacturer of specialized pharmaceutical formulations and APIs.,Yes,Operations are located in Hyderabad India.,Active pharmaceutical R&D company,Corporate Registry
Ravi Hybrid Seeds Pvt.,"Ltd. H. No. 3-5-839/6, 2ndFloor, Flat No. 202, L.R. Plaza,Hyderguda, Hyderabad – 500 029,(Telangana)",TU/IV-RD/4333,31.03.2027,raviseeds.com,Yes,Yes,Develops and produces proprietary agricultural hybrid seeds in-house.,Yes,Operations are located in Hyderabad India.,Active agricultural seeds company,Corporate Registry
Innovare Labs Pvt.,"Ltd. Plot No. 64, Road No. 5 ALEAP Industrial Estate Gajularamaram, Pragathi Nagar Hyderabad – 500090, Telangana",TU/IV-RD/4341,31.03.2026,innovarelabs.com,Yes,Yes,Independent manufacturer of active pharmaceutical ingredients.,Yes,Operations are located in Hyderabad India.,Active pharmaceutical API company,Corporate Registry
Jisnu Communications Pvt.,"Ltd. 8-2-120/86/9/B, 2nd Floor Luxor Park, Road No. 2 Banjara Hills Hyderabad – 500 034(Telangana)",TU/IV-RD/4382,31.03.2027,jisnu.com,Yes,Yes,Designs and manufactures proprietary aerospace and defense communication systems.,Yes,Operations are located in Hyderabad India.,Active aerospace and defense communication company,Corporate Registry
LokeshMachines Ltd.,"B-29,E.E.I.E.Stage-IIBalanagar Hyderabad –",TU/IV-RD/4387,31.03.2027,lokeshmachines.com,Yes,Yes,Manufactures proprietary CNC machines and precision auto components in-house.,Yes,HQ is located in Hyderabad India.,Active manufacturing company,Corporate Registry / BSE Listing
Jodas Expoim Pvt.,"Ltd. 3rd Floor, NSL Centrum, Plot No. S-1, Sy No. 1043 & 1048, KPHB Phase-3,Kukatpally, Hyderabad – 500 072, (Telangana)",TU/IV-RD/4421,31.03.2027,jodasexpoim.in,Yes,Yes,Independent pharmaceutical company with significant in-house manufacturing and formulation capabilities.,Yes,Operations are located in Hyderabad India.,Active pharmaceutical company,Corporate Registry
Ecoled ILLuminations Pvt.,"Ltd. Plot NO. 188/A, Phase-II,IDA, Cherlapally, Hyderabad –500 051, Telangana",TU/IV-RD/4429,31.03.2027,ecoled.in,Yes,Yes,Manufactures proprietary LED lighting and electronic products in-house.,Yes,Operations are located in Hyderabad India.,Active LED lighting and electronics company,Corporate Registry
Tierra Agrotech Ltd.,"(FormerlyTierra AgrotechPvt.Ltd.) 1stFloor,Sravana Complex,Kamalapuri Colony Lane, Next to LV PrasadHospital,Road No.2, BanjaraHills Hyderabad–500034Telangana",TU/IV-RD/4458,31.03.2027,tierraagrotech.com,Yes,Yes,Develops and produces proprietary agricultural seeds and biotechnology products.,Yes,HQ is located in Hyderabad India.,Active agricultural biotechnology company,Corporate Registry / BSE Listing
Tripura Bio-Tech Ltd.,"1-5-1015,Vaishnavi Bhawan, Father Balaiah Nagar, Manjeera Colony,Old Alwal, Secunderabad, Telangana – 500 010",TU/IV-RD/4479,31.03.2025,tripurabiotech.com,Yes,Yes,Develops and manufactures proprietary bio-fertilizers and agricultural biotechnology products.,Yes,Operations are located in Secunderabad India.,Active agricultural biotechnology company,Corporate Registry
Avantari Technologies Pvt.,"Ltd. Plot No. 185, Road No. 76, Jubilee Hills, Hyderabad – 500033, Telangana",TU/IV-RD/4520,31.03.2025,avantari.com,Yes,Yes,Develops proprietary augmented reality and technology products in-house.,Yes,Operations are located in Hyderabad India.,Active technology and augmented reality company,Corporate Registry
RenewableEnergy Systems Ltd.,"Plot No. D-13, I.D.A Phase-V,Jeedimetla, Hyderabad – 500 055, (Telangana)",TU/IV-RD/4525,31.03.2027,resindia.com,Yes,Yes,Manufactures proprietary renewable energy and defense components in-house.,Yes,Operations are located in Hyderabad India.,Active renewable energy and defense components company,Corporate Registry
GOCL Corporation Ltd.,"IDL Road, Kukatpally, Hyderabad – 500 072,Telangana",TU/IV-RD/4527,31.03.2025,goclcorp.com,Yes,Yes,Manufactures proprietary commercial explosives and energetic materials in-house.,Yes,HQ is located in Hyderabad India.,Active energetics and commercial explosives company,Corporate Registry / BSE Listing
Oncosimis Biotech Pvt.,"Ltd. LIG, Block 38, Flat 7, Beghlinghampalli,Hyderabad – 500044, (Telangana)",TU/IV-RD/4536,31.03.2028,oncosimis.com,Yes,Yes,Develops proprietary biosimilars and biotechnology products in-house.,Yes,Operations are located in Hyderabad India.,Active biotechnology company,Corporate Registry
Biofac Inputs Pvt.,"Ltd.S. No. 81-84, Plot No.74C, Anrich Industrial Estate, Bollaram Village, JinnaramMandal,Sangareddy District – 502 325, (Telangana)",TU/IV-RD/4563,31.03.2028,biofac.in,Yes,Yes,Manufactures proprietary agricultural inputs and bio-fertilizers in-house.,Yes,Operations are located in Sangareddy India.,Active agricultural inputs company,Corporate Registry
Srikar Biotech Pvt.,"Ltd.Plot No.:A11 &A12/1, IDANacharam,Uppal, Medchal-Malkajgiri(Dt), Telangana - 500 076",TU/IV-RD/4600,31.03.2026,srikarbiotech.com,Yes,Yes,Develops and produces proprietary agricultural biotechnology products and seeds.,Yes,Operations are located in Telangana India.,Active agricultural biotechnology company,Corporate Registry
SynergeneActive Ingredients Pvt.,"Ltd. Flat No. 402, Bhanu Enclave, Sunder Nagar, Erragadda, Hyderabad -500 038, Telangana",TU/IV-RD/4628,31.03.2026,synergeneapi.com,Yes,Yes,Independent manufacturer of active pharmaceutical ingredients in-house.,Yes,Operations are located in Hyderabad India.,Active pharmaceutical API company,Corporate Registry
Bycus Therapeutics Pvt.,"Ltd. Suite No. 13, Bio-Nest, School of Life Sciences, University of Hyderabad, Gachibowli, Hyderabad – 500046, (Telangana)",TU/IV-RD/4881,31.03.2028,bycustherapeutics.com,Yes,Yes,Develops proprietary biotherapeutics and biotechnology products in-house.,Yes,Operations are located in Hyderabad India.,Active biotherapeutics company,Corporate Registry
Dhruva Space Pvt.,"Ltd.702, 6-3-1192/1/1, Block-1, Begumpet, White House, Hyderabad - 500 016Telangana",TU/IV-RD/4893,31.03.2025,dhruvaspace.com,Yes,Yes,Designs and manufactures proprietary space technology and satellites in-house.,Yes,HQ is located in Hyderabad India.,Active space technology and satellite company,Corporate Registry
SRC Laboratories Pvt.,"Ltd.Plot No. M66, M67, Medical Devices Park, IP Sultanpur, SultanpurVillage,AmeenpurMandal, Sangareddy District - 502319 (Telangana)",TU/IV-RD/4897,31.03.2028,srclabs.com,Yes,Yes,Independent manufacturer of active pharmaceutical ingredients and formulations.,Yes,Operations are located in Sangareddy India.,Active pharmaceutical company,Corporate Registry
ShilpaPharma LifesciencesLtd.,"Shilpa House, # 12-6-214/A-1 Hyderabad Road, Raichur - 584 135(Karnataka)",TU/IV-RD/4912,31.03.2028,shilpapharma.com,Yes,Yes,Independent API manufacturer with clear in-house production capabilities.,Yes,HQ is located in Raichur Karnataka India.,Active API intermediates manufacturer and CDMO. DSIR recognized.,Company Website / DSIR
PeopleLink Unified Communications Pvt. Ltd.,"10th Floor, A3-Q3,Cyber Towers, Hi Tech City, Madhapur Hyderabad - 500 081(Telangana)",TU/IV-RD/4937,31.03.2028,peoplelinkvc.com,Yes,Yes,Develops proprietary unified communications and video conferencing software/hardware.,Yes,HQ is located in Hyderabad India.,Active unified communications and video conferencing solutions provider.,Company Website / DSIR
Godi India Pvt. Ltd.,"P No. 12(P), 13, 14(P),Hardware Park, Kancha Imarat Sy. No. 1/1, Road No. 2, Maheshwaram, Rangareddy, Hyderabad -500 005, (Telangana)",TU/IV-RD/4950,31.03.2028,godienergy.com,Yes,Yes,Develops and manufactures proprietary battery technologies and supercapacitors.,Yes,Operations are located in Hyderabad India.,Fast-growing battery-tech startup focusing on lithium/sodium-ion and supercapacitors.,YNOS / DSIR
Simply Fresh Private Limited.,"1-10-39-44, Gumidelli Tower, 8A-2, 8th Floor, BegumpetRoad, Begumpet, Hyderabad-500 016 Telangana",TU/IV-RD/4955,31.03.2026,simplyfresh.co.in,Yes,Yes,Produces proprietary agricultural products using advanced in-house greenhouse farming.,Yes,Operations are located in Hyderabad India.,Active agritech company specializing in greenhouse farming.,Company Website / DSIR
Telluris Biotech India Pvt. Ltd.,"Plot No. 4C, MN Science and Technology Biotech Park, Synergy Square-I Phase I, Genome Valley, Turkapally, Shamirpet -500 101, (Telangana)",TU/IV-RD/4982,31.03.2026,tellurisbiotech.com,Yes,Yes,Develops proprietary biotechnology and life sciences products in-house.,Yes,Operations are located in Hyderabad India.,Active biotech company in Genome Valley.,Company Website / DSIR
Lee Pharma Ltd.,"Sy. No. 257 & 258/1, Door No. 11-6/56, C-Block, Opp. IDPL factory, MoosapetVillage,BalanagarPost, Hyderabad - 500 037,(Telangana)",TU/IV-RD/4984,31.03.2026,leepharma.com,Yes,Yes,Independent manufacturer of active pharmaceutical ingredients and formulations.,Yes,HQ is located in Hyderabad India.,Major active pharmaceutical and API manufacturer.,Company Website / DSIR
Provis Biolabs Pvt. Ltd.,"No. 5-9-6-262/54P & 55P,First Floor, Prashanthi Nagar, Kukatpally Street, Hyderabad – 500 072(Telangana)",TU/IV-RD/5001,31.03.2027,provisbiolabs.com,Yes,Yes,Manufactures proprietary bioreagents and bio-APIs in-house.,Yes,Operations are located in Hyderabad India.,Active biotech company specializing in bioreagents and bio-APIs.,Company Website / DSIR
Tianish Laboratories Pvt. Ltd.,"Ground Floor, 564/A/22, Road No. 22, Jubilee Hills, Hyderabad – 500 096 (Telangana)",TU/IV-RD/5008,31.03.2026,tianish.com,Yes,Yes,Independent manufacturer of active pharmaceutical ingredients.,Yes,Operations are located in Hyderabad India.,Active pharmaceutical research and API manufacturer.,Company Website / DSIR
Niruthi Climate & Ecosystem Pvt. Ltd.,"Unit No. 803, Level 8, Floor #7, Vasavi MPM Grand, Yella Reddy Guda, Hyderabad -500073 (Telangana)",TU/IV-RD/5012,31.03.2027,niruthi.com,Yes,Yes,Develops proprietary climate modeling and risk mitigation software solutions.,Yes,HQ is located in Hyderabad India.,Active climate tech/agritech startup offering risk mitigation and modeling solutions.,Company Website / DSIR
Aktinos Pharma Pvt.,"Ltd. 4th & 5th Floor, Sri Lakshmi Spaces, Plot No. 7, Kavuri Hills Phase 1Madhapur, Hyderabad - 500 033 (Telangana)",TU/IV-RD/5021,31.03.2027,aktinospharma.com,Yes,Yes,Independent manufacturer of active pharmaceutical ingredients and formulations.,Yes,Operations are located in Hyderabad India.,Active pharmaceutical company,Corporate Registry
SriBioAestheticsPvt.,"Ltd.H.No.5-35-319,Floor-1,SaiBaba Colony, Kukatpally,Hyderabad–500072 (Telangana)",TU/IV-RD/5066,31.03.2027,sribio.com,Yes,Yes,Develops and manufactures proprietary agri-biotechnology and aesthetic products.,Yes,Operations are located in Hyderabad India.,Active biotechnology and agri-aesthetics company,Corporate Registry
Aurobindo Pharma Ltd.,"Floor No. 22, Galaxy Building, Plot No. 1, Survey No. 83/1, Hyderabad Knowledge City, Raidurg Panmaktha, Ranga Reddy District, Hyderabad-500 032(Telangana)",TU/IV-RD/2110,31.03.2028,aurobindo.com,Yes,Yes,Generic pharma but has clear evidence of independent in-house manufacturing and DSIR-recognized R&D.,Yes,HQ and primary operations are located in Hyderabad India.,Active pharmaceutical company,Corporate Registry / BSE Listing
Alkali Metals Ltd.,", F-5, Prembagh Apartments, 3-4-490/A, Barkatpura, Hyderabad -500 027,(Telangana)",TU/IV-RD/2127,31.03.2028,alkalimetals.com,Yes,Yes,Active chemical manufacturer with proprietary in-house R&D facilities recognized by DSIR.,Yes,Primary operations and address are located in Hyderabad India.,Active chemical manufacturing company,Corporate Registry / BSE Listing
Gland Pharma Ltd.,"Survey No. 143, 148, 150 & 151, D.P. Palli, DundigalPost, Quthbullapur Mandal, R.RDist., Hyderabad – 500 043, (Telangana)",TU/IV-RD/2128,31.03.2028,glandpharma.com,Yes,Yes,Generic pharma with clear evidence of independent in-house manufacturing and DSIR-recognized R&D.,Yes,Primary operations are based in Hyderabad India.,Active pharmaceutical company,Corporate Registry / BSE Listing
Prathista Industries Ltd.,"Sy.No.273,274,S.Lingotam(Village)Choutuppal(Mandal),YadadriBhongir-508252 (Telangana)",TU/IV-RD/2146,31.03.2027,prathista.com,Yes,Yes,Produces proprietary biotechnology products with recognized in-house product development and R&D.,Yes,Primary operations are in Yadadri Bhongir Telangana India.,Active biotechnology company,Corporate Registry
Nuziveedu Seeds Ltd.,"SurveyNo.69, Kandlakoya,Medchal Mandal, Gundlapochampally Village, Medchal Madal, Medchal&Malkajgiri District–500100, (Telangana)",TU/IV-RD/2162,31.03.2028,nuziveeduseeds.com,Yes,Yes,Develops and produces agricultural seeds with proprietary in-house R&D.,Yes,Operational presence and address are in Medchal Telangana India.,Active agricultural seeds company,Corporate Registry
Lee Pharma Ltd.,"Sy. No. 257 & 258/1, Door No. 11-6/56, C-Block, Opp. IDPL factory, MoosapetVillage,BalanagarPost, Hyderabad - 500 037,(Telangana)",TU/IV-RD/4984,31.03.2026,leepharma.com,Yes,Yes,Active pharmaceutical manufacturer with independent in-house product development and R&D.,Yes,HQ and operations are located in Hyderabad India.,Major active pharmaceutical and API manufacturer.,Company Website / DSIR
Kaveri Seed Company Ltd.,"#513-B, 5thFloor, Minerva Complex,S.D.Road,Secunderabad - 500 003, (Telangana)",TU/IV-RD/2201,31.03.2028,kaveriseeds.in,Yes,Yes,Develops proprietary agricultural seeds with independent in-house R&D facilities.,Yes,HQ and primary operations are in Secunderabad India.,Active agricultural seeds company,Corporate Registry / BSE Listing
Suven Life Sciences Ltd.,"Serene Chamber, Road No. 5, Banjara Hills,Hyderabad – 500034, (Telangana)",TU/IV-RD/2218,31.03.2027,suven.com,Yes,Yes,Engaged in proprietary biopharmaceutical R&D and drug discovery with DSIR recognition.,Yes,Primary operational presence is in Hyderabad India.,Active biopharmaceutical company,Corporate Registry / BSE Listing
PrabhatAgriBiotech Ltd.,"Survey No.69,Kandlakoya, Gundlapochampally Village, Medchal Mandal, Medchal-Malkajgiri District- 501 401, Telangana",TU/IV-RD/2248,31.03.2026,prabhatseeds.com,Yes,Yes,Active agricultural biotech producer with proprietary in-house R&D.,Yes,Operations are based in Medchal-Malkajgiri Telangana India.,Active agricultural biotech company,Corporate Registry
VirchowLaboratories Ltd.,"Plot No. 4 to 10,S.V. Co-op. Indl. Estate, IDA,Jeedimetla,Hyderabad-500055 (Telangana)",TU/IV-RD/2347,31.03.2026,virchowlabs.com,Yes,Yes,Active pharmaceutical manufacturer with proprietary in-house R&D facilities.,Yes,Primary operations are based in Hyderabad India.,Active pharmaceutical company,Corporate Registry
IndianImmunologicals Ltd.,"RoadNo.44,Jubilee Hills, Hyderabad - 500 033, Telangana",TU/IV-RD/2348,31.03.2027,indimmune.com,Yes,Yes,Develops and manufactures proprietary vaccines and biotech products with in-house R&D.,Yes,Operations and address are in Hyderabad India.,Active biotechnology and vaccine company,Corporate Registry
BalajiAminesLtd.,"3rdFloor,KPRHouse,S.P. Road, Hyderabad - 500 003, (Telangana)",TU/IV-RD/2366,31.03.2028,balajiamines.com,Yes,Yes,Specialty chemical manufacturer with proprietary in-house R&D.,Yes,Primary operational presence is in Hyderabad India.,Active chemical manufacturing company,Corporate Registry / BSE Listing
AstraMicrowave Products Ltd.,"Astra Towers, Sy. No.12(P), Kothaguda(Post), Kondapur, Hitech City, Hyderabad- 500 084 (Telangana)",TU/IV-RD/2384,31.03.2028,astramwp.com,Yes,Yes,Designs and manufactures proprietary defense and microwave components.,Yes,HQ and operations are located in Hyderabad India.,Active defense and microwave components company,Corporate Registry / BSE Listing
Seedworks International Ltd.,"Survey No. 530A, GowdavellyVillage, District Medchal – 501 401 (Telangana)",TU/IV-RD/2931,31.03.2027,seedworks.com,Yes,Yes,Develops and produces agricultural seeds with proprietary in-house R&D recognized by DSIR.,Yes,Primary operational presence is in Medchal Telangana India.,Active agricultural seeds company,Corporate Registry
Vins Bioproducts Ltd.,"#806, Essjay House,Road No.3, Banjara Hills,Hyderabad - 500 034, Telangana",TU/IV-RD/2947,31.03.2027,vinsbio.in,Yes,Yes,Active biopharmaceutical producer with valid DSIR-recognized in-house R&D and manufacturing.,Yes,Headquarters and operations are located in Hyderabad India.,Active biopharmaceutical company,Corporate Registry
Granules India Ltd.,"2nd Floor, 3rd Block, My Home Hub, Madhapur, Hyderabad, Telangana - 500 081",TU/IV-RD/3026,31.03.2025,granulesindia.com,Yes,Yes,Active pharmaceutical manufacturer with independent in-house R&D and product development facilities.,Yes,Headquarters and operations are in Hyderabad India.,Active pharmaceutical company,Corporate Registry / BSE Listing
Smilax Laboratories Ltd.,"Plot No. 12/A, Phase-III,I.D.A.,Jeedimetla, Hyderabad - 500 055, Telangana",TU/IV-RD/3077,31.03.2026,smilaxlabs.com,Yes,Yes,Manufactures pharmaceutical products with independent proprietary in-house R&D recognized by DSIR.,Yes,Primary operational presence is in Hyderabad India.,Active pharmaceutical company,Corporate Registry
Symed Labs Ltd.,"Plot No. 290, Srivalli’s Corporate, Road No. 06, Kakatiya Hills, Madhapur,Hyderabad - 500 081, (Telangana)",TU/IV-RD/3102,31.03.2028,symedlabs.com,Yes,Yes,Active pharmaceutical producer with clear evidence of independent in-house R&D facilities.,Yes,Operations and headquarters are located in Hyderabad India.,Active pharmaceutical company,Corporate Registry
Tergene Biotech Ltd.,"(Formerly . Tergene Biotech Pvt. Ltd.) Suit-121 &122, Building 450, GenomeValley,TurkapallyVillage, Shamirpet Mandal, RangaReddy Dist,Hyderabad – 500 078, Telangana",TU/IV-RD/3167,31.03.2025,tergene.com,Yes,Yes,Active biotechnology producer delivering products via proprietary in-house R&D.,Yes,Operational presence is in Genome Valley Hyderabad India.,Active biotechnology company,Corporate Registry
Sigachi Industries Ltd.,"229/1 & 90 Kalyan’s Tulasiram Chambers, Madinaguda, Hyderabad -500 049, Telangana",TU/IV-RD/3236,31.03.2026,sigachi.com,Yes,Yes,Produces pharmaceutical excipients with proprietary in-house R&D recognized by DSIR.,Yes,Headquarters and primary operations are in Hyderabad India.,Active pharmaceutical excipients company,Corporate Registry / BSE Listing
Sai Life Sciences Ltd.,"Plot No. DS - 7, IKPKnowledgePark,TurakapallyVillage,Shameerpet Mandal, Medchal-Malkajgiri Dist. Hyderabad – 500 078 (Telangana)",TU/IV-RD/3419,31.03.2027,sailife.com,Yes,Yes,Pharmaceutical CDMO delivering specialized proprietary in-house manufacturing and R&D services.,Yes,Primary operations are in IKP Knowledge Park Hyderabad India.,Active pharmaceutical CDMO,Corporate Registry
Mahindra Agri Solutions Ltd.,"GMR Complex, 5-225/1/A, FirstFloor, Gundlapochampally, ManikaReddyColony, Kompally,Hyderabad–500 100 (Telangana)",TU/IV-RD/4061,31.03.2026,mahindraagri.com,Yes,Yes,Subsidiary but possesses clear evidence of independent in-house product development and DSIR R&D.,Yes,Operations are located in Kompally Hyderabad India.,Active agricultural solutions company (Mahindra Group),Corporate Registry
Sarvotham Care Ltd,"6-197/1, Jeedimetla (V), Quthbullapur(M), Hyderabad – 500 067,Telangana",TU/IV-RD/4185,31.03.2026,sarvothamcare.com,Yes,Yes,Pharmaceutical CDMO offering proprietary in-house manufacturing and specialized R&D services.,Yes,Primary operational presence is in Jeedimetla Hyderabad India.,Active pharmaceutical CDMO,Corporate Registry
Honour Lab Ltd,"H.No. 8-3-166/7/1, Erragadda Hyderabad – 500 018Telangana",TU/IV-RD/4270,31.03.2026,honourlab.com,Yes,Yes,Pharmaceutical CDMO delivering proprietary in-house manufacturing and specialized R&D services.,Yes,Primary operations are located in Erragadda Hyderabad India.,Active pharmaceutical CDMO,Corporate Registry
SMS Lifesciences India Ltd.,"Plot No. 19-III, Manikantha Towers, Opp.B.V.B.P.School,Road No.71,JubileeHills,Hyderabad - 500 096, (Telangana)",TU/IV-RD/4652,31.03.2026,smslife.in,Yes,Yes,Produces pharmaceutical APIs backed by independent in-house R&D facilities recognized by DSIR.,Yes,Headquarters and operations are located in Jubilee Hills Hyderabad India.,Active pharmaceutical API company,Corporate Registry / BSE Listing
Aurigene Pharmaceutical Services Ltd.,"1-75/1, Sy. No.195&198/2/A,Madeenaguda Village, Serilingampally Mandal, Ranga Reddy District - 500 049 (Telangana)",TU/IV-RD/4692,31.03.2028,aurigeneservices.com,Yes,Yes,Subsidiary CDMO delivering specialized proprietary in-house manufacturing and R&D services recognized by DSIR.,Yes,Operational presence is in Serilingampally Telangana India.,Active pharmaceutical CRO/CDMO (Subsidiary of Dr. Reddy's),Corporate Registry
Mapmygenome India Ltd.,"Royal Demeure, HUDA Techno Enclave, Plot No. 12/2, Sector-1, Madhapur, Hyderabad -500081Telangana",TU/IV-RD/4800,31.03.2025,mapmygenome.in,Yes,Yes,Produces genomics and biotechnology products with proprietary in-house R&D capabilities.,Yes,Primary operational presence is in Madhapur Hyderabad India.,Active genomics and biotechnology company,Corporate Registry
AdvantaEnterprises Ltd.,", #8-2-418, 3rd Floor, Krishnama House, Road No.7,BanjaraHills, Hyderabad-500034 (Telangana)",TU/IV-RD/4853,31.03.2026,advantaseeds.com,Yes,Yes,Develops and produces global agricultural seeds backed by independent in-house R&D.,Yes,Headquarters and operational presence are in Banjara Hills Hyderabad India.,Active global agricultural seeds company,Corporate Registry
Virupaksha Organics Ltd.,"Plot No. B1, B2, IDA, Gandhi Nagar, Kukatpally, Medchal-Malkajgiri, Hyderabad -500 037 (Telangana)",TU/IV-RD/5109,31.03.2028,virupaksha.com,Yes,Yes,Manufactures pharmaceutical and organic products with independent in-house R&D facilities.,Yes,Operational presence is in Kukatpally Hyderabad India.,Active pharmaceutical and organics company,Corporate Registry
