company_name,official_website,C3_score,C3_evidence,C4_score,C4_evidence,C5_score,C5_evidence,C6_score,C6_evidence,C7_score,C7_evidence,C8_score,C8_evidence,total_score,band,verdict,short_personalization_hook,decision_maker,revenue_estimate,primary_sources,E1,E2,total_score_num,norm_score,evidence_count,revenue_num,rank
Divi's Laboratories Ltd.,divislabs.com,19,World's largest API manufacturer with three R&D centers; deep proprietary expertise in custom synthesis peptides and gadolinium-based contrast media.,15,Founder & MD Dr. Murali Divi and CEO Dr. Kiran Divi both hold PhDs showcasing top-tier scientific and operational leadership.,15,Strong export tailwinds as a trusted global CDMO and generic API supplier exporting to 100+ countries and serving 12 of the top 20 Big Pharma.,15,Exceptional growth with FY26 revenues around ₹11000 crores driven by a massive ₹2500 crore CapEx and newly inaugurated Unit-3 manufacturing facility.,19,Highly mature corporate infrastructure with state-of-the-art testing systems stringent global regulatory compliance and over 2000 QA/QC analysts.,15,Seamless gen-2 succession with Dr. Kiran Divi as CEO and Ms. Nilima Divi alongside seasoned professional directors managing distinct operational portfolios.,98,A,Include,I was highly impressed by Divi's massive ₹2500 crore CapEx expansion and the newly inaugurated Unit-3 facility advancing your global API leadership.,Dr. Murali K. Divi / Dr. Kiran S. Divi,11067 Cr,https://www.divislabs.com/;https://www.divislabs.com/api-manufacturing-company/leadership/;https://www.divislabs.com/wp-content/uploads/2025/08/Annual-Report-2024-25.pdf,,,98,1.0,6,11067.0,1
MSN Laboratories Pvt. Ltd.,msnlabs.com,20,World's #1 in active US DMF filings with 500+ APIs 927+ global patents and 25 state-of-the-art manufacturing facilities.,14,Founder CMD Dr. MSN Reddy leads a robust technical team of over 2200 R&D scientists driving highly integrated global pharmaceutical operations.,15,Strong beneficiary of Make-in-India and China+1 API sourcing with massive export tailwinds supplying pharmaceutical products across 100+ countries.,15,Exceptional growth demonstrated by an FY24 revenue of ₹7740 crore and an aggressive ₹10-13 billion CapEx pipeline for new facility expansions.,19,Highly mature infrastructure featuring IND A+ credit ratings detailed sustainability reporting and stringent US FDA and EU GMP regulatory compliance.,14,Robust succession with next-generation leaders like Director Bharat Reddy actively driving global business alongside a deep bench of professional executives.,97,A,Include,I was incredibly impressed by MSN Laboratories' achievement as the world's #1 in active US DMF filings and your massive ₹10-13 billion CapEx expansion.,Dr. MSN Reddy / Bharat Reddy,7740 Cr,https://www.msnlabs.com/our-leadership.html;https://www.indiaratings.co.in/pressrelease/74561;https://msnlabs.com/img/downloads/MSNLabs-Sustainability-Report-2025.pdf,,,97,0.967741935483871,6,7740.0,2
IndianImmunologicals Ltd.,indimmune.com,19,Pioneered the world's first vaccine for Porcine Cysticercosis the first Indian tissue culture rabies vaccine and operates multiple advanced WHO-GMP certified manufacturing facilities.,15,Led by Managing Director Dr. K Anand Kumar who holds a PhD in Microbiology from ICMR and brings over 25 years of biopharma expertise.,15,Highly critical player in the One Health ecosystem supplying India's Universal Immunization Programme and capitalizing on export tailwinds across 50 countries.,15,Reported a record all-time high revenue of ₹1586 crore in FY26 consistently maintaining a 16% CAGR driven by robust vaccine demand.,18,High institutional maturity evidenced by WHO-GMP ISO 9001 14001 18001 and 27001 certifications alongside a strong CRISIL AA+ credit rating.,15,Operates as a subsidiary of the National Dairy Development Board with a fully professionalized institutional board ensuring robust corporate governance.,97,A,Include,I was incredibly impressed by your record-breaking ₹1586 crore FY26 revenue and your pioneering work launching the world's first vaccine for Porcine Cysticercosis.,Dr. K Anand Kumar (Managing Director),1586 Cr,https://www.indimmune.com/;https://www.indiapharmaoutlook.com/news/indian-immunologicals-achieves-record-revenue-of-rs1586-crore-in-fy26-nwid-5168.html;https://en.wikipedia.org/wiki/Indian_Immunologicals_Limited,,,97,0.967741935483871,6,1586.0,3
BharatBio-tech International Ltd.,bharatbiotech.com,20,Holds 145 global patents and operates BSL-3 labs; developed the first conjugated typhoid vaccine and supplied over 9 billion doses globally.,15,Founder Dr. Krishna Ella holds a PhD from UW-Madison leading a management team of eminent scientists with top-tier IIT and global academic backgrounds.,15,Massive export tailwinds supplying vaccines to over 125 countries and expanding indigenous manufacturing capabilities actively supporting Make-in-India healthcare initiatives.,15,Strong growth signaled by FY25 revenue of 1462.9 INR crore a new $75M cell and gene therapy facility and major expansions in Odisha.,19,Highly mature systems driven by WHO pre-qualifications ICRA credit ratings structured corporate governance and institutionalized management of global clinical trials.,13,Led by founders alongside seasoned professional executives like Whole-Time Director Dr. V Krishna Mohan and a dedicated CFO managing distinct operational portfolios.,97,A,Include,I was deeply impressed by Bharat Biotech's monumental achievement of supplying over 9 billion vaccine doses globally and your recent $75M facility expansion.,Dr. Krishna Ella / Mrs. Suchitra Ella,1462.9 Cr,https://www.bharatbiotech.com/founder_profile.html;https://www.bharatbiotech.com/management_team.html;https://www.outlookbusiness.com/corporate/covaxin-maker-bharat-biotech-considers-ipo-likely-to-raise-500-mn,,,97,0.967741935483871,6,1462.9,4
"""Lee Pharma Ltd."",""leepharma.com"",20,""Maintains extensive global regulatory approvals including USFDA, EU-GMP, and WHO-GMP for its state-of-the-art API, pellet, and finished formulation manufacturing facilities."",15","""Led by Founder and Managing Director Venkata Reddy Alla"," supported by a highly experienced technical board and professional leadership team.""",15,"""Strongly positioned in the global API market"," benefiting from Make-in-India initiatives and diversified export reach across over 30 countries.""",15,"""Demonstrates robust growth with reported FY25 revenues of Rs 929 Cr and continuous expansion into new finished dosage forms.""",20,"""Operates with high systems maturity"," utilizing ISO 9001 and ISO 14001 quality management systems alongside rigorous international compliance standards.""",12,"""Features a professional board including technical directors for R&D and QA"," alongside experienced non-executive directors providing industry-specific strategic oversight.""",97,"""A""","""Include""","""I was highly impressed by Lee Pharma’s expansive global reach and your unwavering commitment to quality with major USFDA and EU-GMP certifications.""","""Venkata Reddy Alla (Managing Director)""","""Rs 929 Crore""","""https://www.leepharma.com/approvals; https://www.leepharma.com/leadership; https://www.tofler.in/lee-pharma-limited/company/U24230TG1997PLC028095""",,,97,0.967741935483871,6,929.0,5
"Aurobindo Pharma Ltd.,aurobindo.com",19,Holds massive global regulatory approvals including over 800 ANDA filings with USFDA heavily investing in biosimilars and a massive Pen G API manufacturing project.,14,Led by MD K. Nityananda Reddy and a highly experienced board of directors including the former Chairman of LIC and former Deputy Dean of ISB.,15,Directly benefits from PLI schemes for API manufacturing and massive export tailwinds with international markets contributing nearly 90% of its massive formulations revenue.,15,Demonstrates phenomenal scale with an FY25 revenue of ₹31,724 crore showing strong double-digit growth driven by robust US and Europe formulation sales.,19,Maintains top-tier systems maturity as a large-cap publicly listed firm characterized by stringent USFDA and EUGMP compliance alongside structured global ESG reporting.,14,Governed by a deeply professionalized board with distinct executive roles and strong independent directors demonstrating robust corporate succession and institutionalized management structures.,96,A,Include,I was incredibly impressed by your phenomenal FY25 revenue of ₹31724 crore and your strategic investments in the massive Pen-G project and biosimilars.,K. Nityananda Reddy,31724 Cr,https://www.aurobindo.com/;https://www.multibagg.ai/market-pulse/articles/aurobindo-q4-fy25-results-revenue-cmpfp4v7t8wn0p40jssmiwtab,,,96,0.9354838709677419,6,31724.0,6
Hetero Drugs Ltd.,hetero.com,19,World's largest producer of anti-retroviral drugs with 36 state-of-the-art global facilities and Asia's largest API manufacturing complex.,15,Founder and Chairman Dr. B. Partha Saradhi Reddy holds a PhD in Synthetic Organic Chemistry leveraging deep scientific expertise.,15,Exceptional global reach catering to 40% of global demand for ARVs and supplying life-saving medicines to over 126 countries.,15,Massive global scale indicated by over 21000 employees and a robust FY25 revenue of ₹16500 crores for its flagship labs division.,18,High systems maturity with UNGC membership rising Ecovadis sustainability ratings GRI-compliant reporting and approvals from top global regulatory bodies.,14,Clear gen-2 succession with MD Dr. Vamsi Krishna Bandi actively overseeing global commercial supply chain and technical operations.,96,A,Include,I was deeply impressed by Hetero's scale as the world's largest producer of anti-retroviral drugs and your massive 36 global manufacturing facilities.,Dr. B. Partha Saradhi Reddy / Dr. Vamsi Krishna Bandi,16500 Cr,https://www.hetero.com/leadership;https://www.hetero.com/pdf/Hetero_Corporate-Brochure_6.4.22.pdf;https://tracxn.com/d/legal-entities/india/hetero-labs-limited/__N_-okBKvUo4qP6X-SqwwLyJo-u6G0iG3ltvvAK2hXEM,,,96,0.9354838709677419,6,16500.0,7
Gland Pharma Ltd.,glandpharma.com,19,Holds 318 ANDA filings and specializes in complex injectables and CDMO acquiring Cenexi to expand its sterile manufacturing capabilities.,14,Executive Chairman Srinivas Sadu holds an MS in Industrial Pharmacy and an MBA driving rapid global expansion alongside a professional board.,15,Powerfully positioned in the rapidly growing global generic injectables and CDMO sector generating over 72% of its massive revenue from US exports.,15,Showcases immense scale with FY26 revenue of ₹6430 Cr (a 14% YoY increase) alongside significant new contract wins in its CDMO division.,19,Operates at peak maturity as a publicly listed entity heavily regulated by the USFDA and EUGMP with extensive digital and ESG corporate compliance.,14,Driven by a globally institutionalized professional board and executive suite reflecting robust corporate governance post-acquisition by Shanghai Fosun Pharma.,96,A,Include,I was incredibly impressed by Gland Pharma's massive 14% YoY growth reaching ₹6430 Cr in FY26 and your strategic expansion in complex CDMO operations.,Srinivas Sadu,6430.6 Cr,https://glandpharma.com/;https://www.indmoney.com/stocks/gland-pharma-ltd-share-price/results;https://glandpharma.com/investors/corporate-governance,,,96,0.9354838709677419,6,6430.6,8
Premier Explosives Ltd.,pelgel.com,20,Pioneered world's first commercial detonators using Nickel Hydrazine Nitrate; manufactures solid propellants for ISRO/DRDO with specialized facilities and DSIR-recognized R&D.,14,Founded by ISM Dhanbad alumnus Dr. A.N. Gupta; led by MD T.V. Chowdary driving robust indigenous R&D in high-energy materials and defense technology.,15,Direct beneficiary of Make-in-India defense indigenization and robust export tailwinds recently securing a ₹350 crore international defense supply contract.,15,Robust growth demonstrated by jumping to over ₹417 crore in FY25 revenue a massive ₹964 crore order book and continuous infrastructure expansions.,18,Publicly listed entity with high corporate governance NABL-accredited labs PESO licenses and institutionalized defense-grade quality control processes.,14,Clear transition to professional management with T.V. Chowdary elevated to MD in 2022 while founder Dr. A.N. Gupta serves as Non-Executive Chairman.,96,A,Include,I was highly impressed by Premier Explosives' milestone of pioneering NHN detonators globally and your recent ₹350 crore international defense order.,T.V. Chowdary (MD) / Dr. A.N. Gupta,417 Cr,https://www.pelgel.com/annual-reports/Premier_AR_2024.pdf;https://www.icicidirect.com/stocks/premier-explosives-ltd-share-price,,,96,0.9354838709677419,6,417.0,9
Bharat DynamicsLtd.,bdl-india.in,20,Manufacturer of Anti-Tank Guided Missiles torpedoes and strategic weapons in collaboration with DRDO showcasing specialized military-grade manufacturing capabilities.,14,Leadership includes highly qualified defense veterans and engineers with Shri D V Srinivas Rao currently holding additional charge as CMD.,15,Direct beneficiary of Make-in-India defense indigenization with FY25 export turnover soaring 689% to over Rs 1270 crores.,15,Strong growth signaled by a 40% YoY revenue jump to Rs 3364 crore in FY25 and a robust Rs 26000 crore order book.,18,Miniratna Category-I PSU with high corporate governance structured financial reporting Crisil A1+ rating and stringent defense-grade quality assurance.,13,Professionally managed Public Sector Undertaking with structured succession via Ministry of Defence appointments and distinct functional director portfolios.,95,A,Include,I was incredibly impressed by BDL's massive 40% revenue growth to Rs 3364 crore in FY25 and your 689% surge in defense exports.,Shri D V Srinivas Rao,3364 Cr,https://bdl-india.in/en;https://bdl-india.in/sites/default/files/CRA-Rating-2026.pdf;https://bdl-india.in/sites/default/files/Outcome_of_55th_AGM.pdf,,,95,0.9032258064516129,6,3364.0,10
Sai Life Sciences Ltd.,sailife.com,19,Top-tier CRDMO with specialized capabilities in high-potency APIs and peptides backed by a flawless inspection track record from the USFDA and PMDA.,14,Led by CEO Krishnamraju Kanumuri with a highly qualified scientific workforce of over 2100 scientists including 276 PhDs driving advanced pharmaceutical R&D.,15,Perfectly positioned to capitalize on global China+1 CDMO outsourcing tailwinds serving over 300 global innovators including 19 of the top 25 pharmaceutical companies.,15,Showcases exceptional momentum with a highly successful IPO massive FY26 revenue of ₹2192 Cr and major ongoing capacity expansions.,18,Exceptional systems maturity as a publicly listed entity with USFDA-approved facilities ISO 45001 certifications LIMS integration and zero liquid discharge sustainable operations.,14,Strong institutional governance as a listed company governed by a structured board with multiple independent directors and professional C-suite executives.,95,A,Include,I was deeply impressed by your stellar FY26 results reaching ₹2192 Cr in revenue and your flawless USFDA and PMDA regulatory track records.,Krishnamraju Kanumuri,2192 Cr,https://www.sailife.com/;https://trendlyne.com/equity/about/2840733/SAILIFE/sai-life-science-ltd/;https://www.screener.in/company/SAILIFE/consolidated/,,,95,0.9032258064516129,6,2192.0,11
"""Shilpa Pharma Lifesciences Ltd."",""shilpapharma.com"",20,""Manufactures complex APIs, peptides, and ADC linkers with multiple global regulatory approvals including USFDA, EU-GMP, PMDA, and ANVISA across advanced manufacturing facilities."",13,""Led by next-generation Executive Director & CEO Keshav Bhutada, alongside veteran founder Vishnukant Bhutada, demonstrating strong pharmaceutical scaling and technical expertise.""",15,"""Highly positioned to capture China+1 tailwinds in the global API and CDMO sectors"," with robust export demand for oncology molecules and specialty chemicals.""",15,"""Achieved impressive standalone revenues of roughly Rs 844 crore in FY25 while continuously expanding its CDMO pipeline", peptide capabilities," and global regulatory approvals.""",17,"""Maintains highly mature quality systems compliant with USFDA and EU-GMP standards"," alongside rigorous environmental practices including Zero Liquid Discharge and comprehensive BRSR disclosures.""",15,"""Exhibits clear multi-generational succession with next-generation leader Keshav Bhutada serving as Executive Director & CEO"," overseeing independent portfolios for the API business.""",95,"""A""","""Include""","""Congratulations on reaching an impressive Rs 844 crore standalone revenue in FY25 and your continuous expansion into complex CDMO services and peptide manufacturing.""","""Keshav Bhutada (CEO & Executive Director)""","""Rs 844 Crore""","""https://shilpapharma.com/; https://vbshilpa.com/pdf/SPL%20-%20Business%20Responsibility%20&%20Sustainability%20Report%2024-2025.pdf; https://tracxn.com/d/legal-entities/india/shilpa-pharma-lifesciences-limited/__Fe7WH2C8cY8iiut9f8_1BJbX0C8Mr_RiwX0XBXzF-gA""",,,95,0.9032258064516129,6,844.0,12
"""Aurigene Pharmaceutical Services Ltd."",""aurigeneservices.com"",19,""Operates multiple USFDA-inspected, high-tech facilities with specialized capabilities in small molecules, peptides, and biologics, supported by a large pool of 900+ scientists."",14,""Led by CEO Akhil Ravi"," backed by Dr. Reddy's Laboratories' parent governance and a highly qualified scientific leadership team with deep industry expertise.""",15,"""Strongly positioned as a leading global CRDMO with massive $100M infrastructure investments"," perfectly aligned with the China+1 global supply chain diversification strategy.""",15,"""Robust growth trajectory with active expansions in Hyderabad and the UK"," plus strong revenue figures exceeding Rs 500 crore.""",18,"""Maintains rigorous global quality standards including USFDA compliance and advanced digital infrastructure"," reflecting high operational and systems maturity.""",14,"""Operates as a highly professionalized subsidiary of Dr. Reddy’s"," with clear departmental leadership and institutionalized corporate governance structures.""",95,"""A""","""Include""","""Congratulations on your ambitious $100 million infrastructure investment plan and the recent operational milestone at your state-of-the-art Genome Valley biologics facility.""","""Akhil Ravi (CEO)""","""Rs 500-750 Crore""","""https://www.aurigeneservices.com/; https://www.biospectrumindia.com/news/97/27742/aurigene-to-invest-100-m-across-small-molecules-peptides-neutraceuticals-and-biologics.html; https://www.tofler.in/aurigene-pharmaceutical-services-limited/company/U74999KA2019PLC127964""",,,95,0.9032258064516129,6,500.0,13
"""Relisys Medical Devices Ltd."",""relisys.in"",20,""Pioneered India's first indigenous Coronary Stent System, possessing CE-approved devices and fully backward-integrated ISO 13485 certified manufacturing infrastructure."",15,""Led by MD Dr. N. Krishna Reddy, a veteran cardiologist, and COO Navin Rajpal, bringing over 27 years of specialized medical device expertise."",15","""Operates in the critical cardiovascular device sector"," perfectly aligned with Make-in-India import substitution policies and growing global healthcare export demands.""",15,"""Achieved roughly Rs 214 crore in FY25 revenue", expanding its structural heart portfolio, and currently negotiating a massive Rs 1,"300 crore private equity investment.""",18,"""Maintains international-grade physical and digital manufacturing maturity with rigorous ISO 13485 compliance", comprehensive CE approvals," and specialized class 10000 cleanroom environments.""",12,"""Functions with an institutionalized board featuring prominent private equity nominee directors alongside specialized executive professionals managing independent corporate and operational portfolios.""",95,"""A""","""Include""","""Congratulations on your phenomenal growth reaching an estimated Rs 214 crore in FY25 and your expansion into advanced transcatheter heart valves.""","""Dr. N. Krishna Reddy (Managing Director)""","""Rs 214 Crore""","""https://relisysmedicaldevices.org/; https://medicalbuyer.co.in/relisys-medical-negotiating-%E2%82%B91300cr-stake-sale-with-kkr-tpg/; https://www.ceoinsightsindia.com/leader/relisys-medical-devices-a-name-successfully-operating-with-motive-of-offering-worldclass-medical-equipment-cid-1688.html""",,,95,0.9032258064516129,6,214.0,14
AstraMicrowave Products Ltd.,astramwp.com,18,Designs and manufactures high-value RF and microwave components for defense and space supported by specialized EMI-EMC testing and DSIR-recognized R&D.,15,Founded and led by former ISRO and DRDO scientists including Chairman Dr. Avinash Chander demonstrating exceptional technical and domain expertise.,15,A major beneficiary of defense indigenization and Make-in-India heavily involved in defense offsets and space programs with global OEMs.,14,Exceptional growth with recent Q4 FY26 revenue soaring 18% YoY to ₹495 Cr and annual revenue exceeding ₹1160 Cr.,17,Highly mature publicly listed entity adhering to stringent MIL-STDs and international space industry quality requirements for critical RF modules.,14,Operates with a deeply institutionalized board comprising former defense chiefs independent directors and professional whole-time executives ensuring robust succession.,93,A,Include,I was highly impressed by Astra Microwave's remarkable FY26 performance and your pioneering RF contributions to critical DRDO and ISRO projects.,S Gurunatha Reddy,1163 Cr,https://astramwp.com;https://www.screener.in/company/ASTRAMICRO/consolidated/,,,93,0.8387096774193549,6,1163.0,15
HIL Ltd.,hil.in,18,2 in-house DSIR-recognized R&D centers and holds 22 patents across 7 countries for green building materials and thermal insulation.,15,MD & CEO Akshat Seth holds B.Tech/M.Tech in Chemical Engineering from IIT Delhi and an MBA from IIM Calcutta.,13,Strong footprint in sustainable building materials exporting to 80+ countries and capitalizing on green infrastructure growth with Aerocon panels.,14,Recent acquisitions of Topline Industries and Crestia Polytech alongside an FY24 revenue of INR 3454 Cr indicate strong expansion.,18,Operates 31 global manufacturing sites backed by the CK Birla Group's institutional infrastructure and international certifications like GreenPro and IGBC.,14,Robust succession with professional leadership; Chairman C.K. Birla oversees professional managers like MD Akshat Seth running distinct portfolios.,92,A,Include,I was impressed by HIL's recent acquisitions of Topline Industries and your 22 globally recognized patents in green building materials.,Akshat Seth (MD & CEO),3454 INR Cr,https://www.fortuneindia.com/companies/hil-ltd;http://www.pessi.in/pdf/CK%20Birla%20Group.pdf;https://www.indiainfoline.com/company/hil-ltd/summary,,,92,0.8064516129032258,6,3454.0,16
Tianish Laboratories Pvt. Ltd.,tianish.com,18,Manufactures over 250 APIs across six state-of-the-art facilities with active WHO prequalification and USFDA regulatory inspections.,13,Led by an experienced board including Anil Kumar Jain and Mohit Saraf bringing deep pharmaceutical and corporate governance expertise.,15,Directly aligned with Make-in-India supply chain indigenization manufacturing and exporting pharmaceutical APIs to over 100 countries globally.,15,Demonstrates massive scale and exceptional market traction with a reported operating revenue of ₹2060 Cr for the financial year ending March 2024.,17,Maintains rigorous global compliance and high systems maturity with multiple manufacturing facilities adhering to USFDA WHO and global GMP quality standards.,14,Governed by a fully professional board of directors following the strategic corporate demerger of Mylan's API business indicating strong institutional succession.,92,A,Include,I was incredibly impressed by your massive scale achieving ₹2060 Cr in revenue and your state-of-the-art API facilities supplying over 100 countries.,Anil Kumar Jain,2060 Cr,https://tracxn.com/d/legal-entities/india/tianish-laboratories-private-limited/__wpQtmoZAMHpSzlsRON8CAzT0dNPq4idESRwpljUpUq8;https://www.pharmacompass.com/pharma-services/api-manufacturing-services/tianish-laboratories,,,92,0.8064516129032258,6,2060.0,17
Nuziveedu Seeds Ltd.,nuziveeduseeds.com,18,Operates an ISTA-accredited state-of-the-art seed testing laboratory with advanced molecular biology and biotechnology-backed R&D for developing genetically improved high-yield crop hybrids.,15,Chairman M. Prabhakara Rao holds a post-graduate gold medal in agricultural sciences from BHU and brings decades of deep agronomy expertise.,14,Operates in the critical agricultural and hybrid seed sector driving domestic food security and crop yield improvements across India.,15,Displays exceptional market traction with an FY25 revenue of ₹1400 Cr achieving a robust 24% CAGR and widespread adoption of its hybrids.,16,High digital and systems maturity evidenced by end-to-end SAP integration for supply chain management and world-class ISTA-accredited testing facilities.,14,Demonstrates clear succession planning with multi-generational family involvement including Director Mandava Venkatram Chowdary alongside professional whole-time directors.,92,A,Include,I was highly impressed by Nuziveedu Seeds' exceptional 24% CAGR reaching ₹1400 Cr in FY25 and your state-of-the-art ISTA-accredited R&D infrastructure.,M. Prabhakara Rao,1400 Cr,https://nuziveeduseeds.com/company-overview/;https://tracxn.com/d/legal-entities/india/nuziveedu-seeds-limited/__2YIGuPy6XVQi37Zqj6NKQFJVicvrlnJt3Ao9jw95xZo,,,92,0.8064516129032258,6,1400.0,18
"""Synergene Active Ingredients Pvt. Ltd."",""synergeneapi.com"",20,""Holds process patents for multiple APIs including Luliconazole, backed by CEP approvals and extensive cGMP compliant manufacturing facilities across Hyderabad and Visakhapatnam."",14,""Led by Founder and MD Surya Prakash Rao Nalla, an organic chemist with over 40 years of specialized scale-up experience from top pharma majors."",15,""Strongly positioned in the high-demand global API and CDMO sectors"," actively exporting to over 50 countries and benefiting from pharmaceutical supply chain diversification.""",15,"""Generated Rs 323 crore in FY25 revenue", recently launched a cosmetics ingredient subsidiary, and secured fresh PMDA, USFDA," and ANVISA regulatory approvals.""",15,"""Maintains exceptional corporate and quality maturity with USFDA", PMDA," and ANVISA approved manufacturing facilities alongside rigorous cGMP and ISO 9001 compliance systems.""",13,"""Demonstrates clear multi-generational family succession with Satya Sai Ganesh Nalla and Dinesh Naag Nalla serving as directors alongside the founding managing director.""",92,"""A""","""Include""","""Congratulations on securing recent PMDA and ANVISA approvals and expanding into personal care ingredients with your new Synac Pharmaceuticals venture.""","""Surya Prakash Rao Nalla (Founder & Managing Director)""","""Rs 323 Crore""","""https://synergeneapi.com/; https://synergeneapi.com/overview/; https://tracxn.com/d/legal-entities/india/synergene-active-ingredients-private-limited/__yAK495unGvBwnix2dCjTjJquGoc-nITtgNAgzcmbWVg""",,,92,0.8064516129032258,6,323.0,19
ClearsynthLabsLtd.,clearsynth.com,18,Specializes in complex organic chemistry and received a TDB grant to build India's first bulk manufacturing facility for deuterated reagents and building blocks.,15,MD & CEO Dr. K. V. S. Ramrao holds a Ph.D. from IISc Bangalore with 30 years of leadership experience at top pharma companies.,15,Directly aligned with Make-in-India import substitution through TDB-backed domestic manufacturing of deuterated compounds to capitalize on expanding global export markets.,15,Strong growth signaled by 175 crore FY24 revenue (107% YoY increase) and the establishment of a new manufacturing facility in Patalganga.,15,Public limited company operating a 50000 sq ft innovation facility with stringent quality systems supporting complex drug discovery and international regulatory standards.,14,Successfully transitioned to professional management by onboarding industry veteran Dr. K.V.S. Ramrao as CEO to drive strategic growth alongside the founding leadership.,92,A,Include,I was highly impressed by Clearsynth's recent TDB grant to build India's first deuterated chemical facility and your massive 107% YoY revenue growth.,Dr. K. V. S. Ramrao / Vijay Ambati,175 Cr,https://clearsynth.com/team.asp;https://pib.gov.in/PressReleasePage.aspx?PRID=2135926;https://tracxn.com/d/legal-entities/india/clearsynth-labs-limited/__KfQ1TIQe6neIbMSJo54AZ0JBtHsxw4ztlLHFkLFjB-I,,,92,0.8064516129032258,6,175.0,20
"""Unique Biotech Ltd."",""uniquebiotech.com"",20,""Holds patents for Unique IS-2 (Bacillus coagulans) backed by 20 years of clinical research, utilizing WHO-GMP certified large-scale fermentation facilities.""",15,"""Founded by MD Dr. Ratna Sudha (PhD in Biotechnology)"," supported by Scientific Head Dr. Jayanthi (PhD from NIN with Japanese postdoctoral experience).""",14,"""Directly benefits from surging global demand for nutraceuticals and clinically backed probiotics"," serving international pharmaceutical and functional food markets.""",14,"""Expanded workforce to over 400 employees with estimated revenues nearing Rs 200 crore"," backed by continuous clinical trials and global partnerships.""",15,"""Maintains WHO-GMP certified manufacturing infrastructure with stringent in-house quality assurance laboratories and fully integrated lab-to-market fermentation processes.""",13,"""Board features multiple family members alongside highly experienced professional directors like S.K. Ramaraju managing the global probiotics business.""",91,"""A""","""Include""","""I was highly impressed by Dr. Ratna Sudha's pioneering work in developing the patented Unique IS-2 Bacillus coagulans strain and your WHO-GMP certified facilities.""","""Dr. Ratna Sudha Madempudi (Founder & Managing Director)""","""Rs 200 Crore""","""https://www.uniquebiotech.com/about-us; https://tracxn.com/d/companies/uniquebiotech/__QYO3kxSqCrMHAv_xR98vkXtho4n8JtbFISZJ1m80KHw; https://www.uniqueis2.com/""",,,91,0.7741935483870968,6,200.0,21
"""Dhruva Space Pvt. Ltd."",""dhruvaspace.com"",18,""Provides end-to-end space engineering with flight-proven TRL 9 deployers, proprietary satellite platforms, and a massive 280,000 sq-ft spacecraft manufacturing facility."",15,""Led by CEO Sanjay Nekkanti, an EGIDE scholar with dual European master's in space engineering who built India's first student satellite."",15","""Operating in the booming private space sector"," actively driving Make-in-India by developing an indigenous 500-kg communications satellite via a Rs 105 crore RDIF grant.""",15,"""Demonstrates exceptional momentum with a recent Rs 105 crore government grant", $21.4M in total funding," and an actively expanding workforce.""",16,"""Maintains high digital and operational maturity with ISO 9001", 27001, and 27701 certifications," ensuring rigorous data protection and international GDPR compliance.""",12,"""Features a highly collaborative founding leadership team of experienced space engineers alongside structured corporate governance roles like a dedicated Data Protection Officer.""",91,"""A""","""Include""","""Congratulations on securing the Rs 105 crore RDIF grant for 'Project Garud' and advancing India's capability for constellation-scale communications satellites.""","""Sanjay Nekkanti (CEO)""","""Rs 11.1 Crore""","""https://www.dhruvaspace.com/; https://www.dhruvaspace.com/press-releases/dhruva-space-secures-inr-105-crores-rdif-backing-to-develop-project-garud-advancing-india-private-sector-500-kg-class-satellite-capability-for-constellation-missions; https://tracxn.com/d/companies/dhruvaspace/__WIR7z6ET5MtJWp06fq8RLJl0qNXZXoIRWs2DlFQK94M""",,,91,0.7741935483870968,6,11.1,22
NACL Industries Ltd.,naclind.com,17,DSIR-recognized R&D with a technical capacity of 17000 TPA and patents like their recent proprietary process for Azoxystrobin preparation.,12,Driven by experienced chemical industry professionals and recently backed by the institutional leadership of Coromandel International.,14,Strong agricultural tailwinds with operations catering to multinational B2B clients and exporting crop protection products to over 30 countries.,15,Significant growth signaled by FY26 revenue of ₹1515.3 Cr (up 20% YoY) and the strategic 78.98% majority acquisition by Coromandel International.,18,High systems maturity with ISO 9001 14001 and 45001 certifications alongside comprehensive digital ESG and safety management systems.,14,Institutionalized leadership and governance architecture recently strengthened by Coromandel International's strategic acquisition driving professionalized succession.,90,A,Include,I was highly impressed by NACL Industries' strong 20% YoY revenue growth to ₹1515.3 Cr and your strategic partnership with Coromandel International.,A. Satish Kumar Subudhi / Board of Directors,1515.3 Cr,https://naclind.com/;https://lemonn.co.in/stocks/naclind/results/yearly;https://www.phoenixlegal.in/articles-updates-details.php?articles_id=635,,,90,0.7419354838709677,6,1515.3,23
Kaveri Seed Company Ltd.,kaveriseeds.in,17,DSIR-recognized R&D with advanced breeding programs producing high-yield hybrid seeds across cotton maize and vegetables supported by significant quarterly R&D investments.,14,Founded and led by Chairman G.V. Bhaskar Rao an agricultural science graduate with decades of pioneering experience in India's hybrid seed industry.,14,Operates in the critical agricultural hybrid seed sector driving domestic crop yields and displaying massive export tailwinds with 90% export growth in FY26.,15,Displays exceptional market traction with FY26 revenue reaching ₹1303.77 Cr reflecting a robust 16.25% YoY growth driven by maize and non-cotton hybrids.,16,High systems maturity as a major publicly listed entity maintaining rigorous SEBI statutory compliance structured board committees and corporate governance standards.,14,Demonstrates structured succession with professional whole-time directors like C. Mithun Chand guiding operations alongside the core founding family on the board.,90,A,Include,I was highly impressed by your robust 16.25% revenue growth reaching ₹1303 crore in FY26 and your strategic success in maize and non-cotton hybrids.,G.V. Bhaskar Rao,1303.77 Cr,https://kaveriseeds.in;https://www.multibagg.ai/market-pulse/articles/kaveri-seed-fy26-95042;https://matrixbcg.com/blogs/owners/kaveriseeds,,,90,0.7419354838709677,6,1303.77,24
Lee Pharma Ltd.,leepharma.com,18,Manufacturing facilities are approved by stringent international regulatory bodies including the USFDA EUGMP and WHO GMP for APIs and finished formulations.,13,Led by experienced operators including Director Venkata Reddy Alla guiding a large-scale R&D-driven pharmaceutical manufacturing enterprise.,14,Operates in the highly strategic API and finished formulation sector benefiting directly from Make-in-India supply chain indigenization and robust pharmaceutical export tailwinds.,15,Exceptional scale and growth demonstrated by generating an annual revenue of ₹929 Cr for the financial year ending March 2025.,17,High systems maturity validated by rigorous international compliance including ISO 9001 ISO 14001 USFDA and EUGMP certifications.,12,Governance involves a multi-member board including Venkata Reddy Alla and Raghumitra Alla indicating established family leadership alongside structured corporate governance.,89,A,Include,I was incredibly impressed by Lee Pharma's robust FY25 revenue of ₹929 Cr and your manufacturing facilities' stringent USFDA and EUGMP approvals.,Venkata Reddy Alla,929 Cr,https://www.leepharma.com/approvals;https://tracxn.com/d/legal-entities/india/lee-pharma-limited/__GiDEYLoEEFhUSOp9FmPnWBpcJwS38t6NG6LiIHO_cE4,,,89,0.7096774193548387,6,929.0,25
